ФИО клиента,Дата рождения,Номер счета,Баланс счета,Валюта,идентификатор транзакции,Тип операции,сумма,Дата транзакции
Кондратьева Фаина Матвеевна,11.10.1999,98924773003575881901,"3471,85",RUB,TXN-000001,списание,"1441,1",09.03.2025
Савина Дарья Феликсовна,04.10.1981,01594841938006291821,"126446,17",RUB,TXN-000002,списание,"17997,2",15.09.2024
Александров Вячеслав Давыдович,07.10.2000,25124009860727406455,"529216,44",RUB,TXN-000003,пополнение,"38908,62",08.10.2024
Мишина Ирина Николаевна,24.04.2004,35272125170619511971,"175614,23",RUB,TXN-000004,пополнение,"34392,99",09.05.2025
Юлия Афанасьевна Киселева,05.04.1935,65010899861530041303,"137024,68",RUB,TXN-000005,пополнение,"31818,04",04.02.2025
Лукин Вениамин Антипович,09.08.2007,71504690165291932671,"513979,29",RUB,TXN-000006,пополнение,"20518,21",20.04.2025
Марфа Феликсовна Цветкова,20.05.1999,09389550915123483892,"272872,76",RUB,TXN-000007,списание,"22264,78",21.07.2024
Фаина Робертовна Елисеева,21.03.1985,27496337711220257954,"379752,42",RUB,TXN-000008,списание,"14766,45",01.07.2024
Савельев Фока Елизарович,22.09.1958,21249589365197667007,"87830,47",RUB,TXN-000009,списание,"42604,34",18.01.2024
Мартынов Никифор Ефимович,01.09.2005,02565552571400423200,"530430,36",RUB,TXN-000010,пополнение,"33149,66",29.07.2023
Петухова Ульяна Вениаминовна,19.01.1958,46293989901421092000,"179736,11",RUB,TXN-000011,пополнение,"22952,36",15.10.2024
Александров Вячеслав Давыдович,07.10.2000,98996069459646827161,"369941,55",USD,TXN-000012,списание,"2845,66",24.02.2025
Милан Артёмович Емельянов,24.10.1935,52372950677290858600,"449088,64",USD,TXN-000013,пополнение,"1310,94",19.04.2024
Глеб Георгиевич Жуков,14.08.1944,14532615353338622553,"380980,67",RUB,TXN-000014,пополнение,"44461,13",12.05.2024
Сила Ильясович Кондратьев,29.10.1958,95778719091129610582,"505346,71",RUB,TXN-000015,пополнение,"35751,54",12.07.2025
Буров Ян Владиславович,07.07.1951,60529691130286631352,"487200,56",RUB,TXN-000016,пополнение,"11719,64",09.07.2024
Буров Ян Владиславович,07.07.1951,14533313050950597113,"317821,04",RUB,TXN-000017,списание,"6318,21",03.08.2025
Волкова Марфа Богдановна,17.10.1963,74376103712002420079,"117115,07",RUB,TXN-000018,пополнение,"12979,57",13.01.2025
Терентий Федотович Авдеев,21.05.2001,61510611446072383946,"336343,12",RUB,TXN-000019,пополнение,"22808,27",05.05.2023
Михайлова Октябрина Харитоновна,19.02.1959,70843551760453130611,"206233,67",RUB,TXN-000020,пополнение,"15159,82",20.03.2025
Михайлов Болеслав Федосеевич,08.11.1943,69286010886924368178,"420796,92",RUB,TXN-000021,пополнение,"21988,59",04.06.2023
Ермил Иларионович Борисов,29.08.1945,58586817713633595928,"115191,47",RUB,TXN-000022,пополнение,"32355,73",18.04.2023
Прохорова Александра Николаевна,25.10.1972,41322151774963019930,"288130,12",RUB,TXN-000023,списание,"12665,16",16.02.2023
Фёкла Ефимовна Шарапова,28.12.1982,91945831421091572881,"268963,87",RUB,TXN-000024,пополнение,"4164,22",07.02.2025
Игнатьева Ксения Болеславовна,25.08.1969,16048661727296135848,"425642,41",RUB,TXN-000025,пополнение,"27316,85",25.08.2023
Лазарева София Сергеевна,04.08.2000,31302989452475318003,"518149,87",RUB,TXN-000026,пополнение,"49952,57",30.09.2022
Ия Аркадьевна Одинцова,21.05.1977,06140210640542698881,"143300,81",RUB,TXN-000027,пополнение,"5305,22",01.05.2024
Аскольд Арсеньевич Воронов,01.06.1989,71765069680188553342,"62944,06",USD,TXN-000028,пополнение,"2625,74",09.06.2023
Лазарева София Сергеевна,04.08.2000,96653853232141525980,"381898,14",RUB,TXN-000029,пополнение,"45542,18",07.10.2024
Баранова Анна Олеговна,26.03.1994,80236931652554390951,"310204,43",USD,TXN-000030,списание,"4142,65",12.11.2022
Овчинников Филипп Чеславович,15.07.1998,79911451469976784493,"327984,75",RUB,TXN-000031,пополнение,"15855,6",17.09.2021
Денис Димитриевич Лазарев,01.02.1983,80742668620727740969,"405956,01",RUB,TXN-000032,пополнение,"44980,68",16.03.2023
Сафонова Варвара Харитоновна,06.02.1983,92202342542557103692,"473983,94",USD,TXN-000033,пополнение,"4715,48",22.04.2025
Аполлон Феодосьевич Красильников,04.01.1974,48585148760366575923,"289499,42",USD,TXN-000034,списание,"2275,09",03.08.2022
Харитонова Дарья Вячеславовна,05.12.1990,72102115015230766299,"485640,2",RUB,TXN-000035,пополнение,"36822,43",22.07.2022
Павел Ануфриевич Дементьев,13.02.2007,11539222576339108178,"292637,93",EUR,TXN-000036,пополнение,"1711,4",06.12.2024
Виктория Романовна Суворова,08.04.1963,62586253289101690568,"461789,02",RUB,TXN-000037,пополнение,"39475,9",24.04.2025
Зиновьева Валерия Юльевна,02.06.1937,04985001820465044524,"292856,64",EUR,TXN-000038,списание,"132,98",09.01.2024
Конон Эдуардович Егоров,06.04.1956,92770917077135877681,"91323,79",EUR,TXN-000039,списание,"4183,53",30.06.2025
Петр Фадеевич Петров,17.02.2005,98136102375181436749,"274981,58",RUB,TXN-000040,пополнение,"1180,11",14.02.2025
Зуева Виктория Кузьминична,14.04.1972,60029331023279016372,"321039,53",RUB,TXN-000041,списание,"32350,87",21.05.2025
Леонтий Вячеславович Морозов,21.09.1950,24877776777960334953,"101319,67",RUB,TXN-000042,пополнение,"27005,63",04.01.2022
Прохорова Прасковья Руслановна,24.12.1998,77665585114312675407,"268743,76",RUB,TXN-000043,списание,"37614,55",01.12.2024
Суханова Евпраксия Львовна,20.07.1945,48323452134327931103,"413581,67",USD,TXN-000044,пополнение,"1817,84",15.02.2024
Доронин Мариан Феофанович,31.07.2005,49355113086622022332,"231876,2",RUB,TXN-000045,пополнение,"29675,53",29.05.2025
Анжелика Владиславовна Стрелкова,27.03.2006,36247923860338585544,"293218,24",USD,TXN-000046,списание,"2323,47",06.02.2024
Шашкова Анжелика Николаевна,20.01.1958,24447885583530695866,"127583,09",RUB,TXN-000047,списание,"32090,2",27.05.2025
Васильев Юрий Фомич,08.10.1942,16445857683165088124,"52086,97",RUB,TXN-000048,пополнение,"46580,8",26.07.2025
Константинова Синклитикия Геннадьевна,15.02.1936,65854960628584636067,"428310,79",USD,TXN-000049,списание,"3312,44",26.05.2025
Глеб Георгиевич Жуков,14.08.1944,14532615353338622553,"414126,05",RUB,TXN-000050,пополнение,"33145,38",20.06.2025
Шашкова Анжелика Николаевна,20.01.1958,24447885583530695866,"130532,1",RUB,TXN-000051,пополнение,"2949,01",01.08.2025
Наркис Устинович Тихонов,18.04.1947,62812103454020445790,"451183,99",RUB,TXN-000052,пополнение,"32809,95",16.07.2025
Лукин Вениамин Антипович,09.08.2007,01600073310986351619,"145049,48",RUB,TXN-000053,пополнение,"7070,65",29.05.2025
Ксения Ждановна Ларионова,04.08.1939,91406038035570606272,"152837,13",RUB,TXN-000054,списание,"22506,98",24.07.2024
Элеонора Альбертовна Якушева,13.06.1942,94568546041364512615,"112307,18",USD,TXN-000055,пополнение,"3357,12",04.09.2024
Савина Дарья Феликсовна,04.10.1981,62213700440504845701,"245631,42",RUB,TXN-000056,пополнение,"28680,75",15.06.2025
Милан Артёмович Емельянов,24.10.1935,74195973141159835657,"445966,9",RUB,TXN-000057,списание,"17661,3",08.09.2023
Воробьев Илья Фролович,28.05.1964,76404914414302043649,"74178,09",RUB,TXN-000058,пополнение,"9705,41",25.09.2022
Волкова Марфа Богдановна,17.10.1963,12126097999128639417,"399389,81",RUB,TXN-000059,пополнение,"31589,36",22.10.2023
Милица Альбертовна Федорова,30.12.1952,84249374978361576676,"84980,81",RUB,TXN-000060,пополнение,"42202,07",15.12.2024
Орехова Любовь Геннадиевна,03.06.2001,54806441265151112138,"260120,74",USD,TXN-000061,пополнение,"2639,98",29.12.2022
Федор Григорьевич Терентьев,23.03.1941,40092927801913168659,"196591,21",RUB,TXN-000062,пополнение,"37856,66",14.04.2025
Светлана Михайловна Васильева,17.09.1942,56530836610776721670,"315419,82",RUB,TXN-000063,списание,"43493,86",10.10.2023
г-жа Владимирова Жанна Егоровна,03.01.2002,75480454556376862274,"520638,07",RUB,TXN-000064,пополнение,"29431,14",25.09.2023
Юлия Афанасьевна Киселева,05.04.1935,65010899861530041303,"163344,39",RUB,TXN-000065,пополнение,"26319,71",03.07.2025
Савина Дарья Феликсовна,04.10.1981,62213700440504845701,"295547,53",RUB,TXN-000066,пополнение,"49916,11",07.08.2025
Ермил Иларионович Борисов,29.08.1945,15682926376462151254,"547909,89",RUB,TXN-000067,пополнение,"49739,27",18.05.2025
Михайлова Октябрина Харитоновна,19.02.1959,16375934869860732627,"24087,27",RUB,TXN-000068,пополнение,"13094,12",11.03.2022
Лидия Александровна Моисеева,09.05.1952,41391170647064369100,"212245,55",RUB,TXN-000069,списание,"34378,38",11.07.2023
Синклитикия Кузьминична Бирюкова,05.02.1979,55262793036358046035,"375006,78",RUB,TXN-000070,пополнение,"17688,8",29.06.2025
Захаров Никон Измаилович,02.05.1953,29854252953173861342,"335910,08",RUB,TXN-000071,пополнение,"15360,09",19.12.2022
Ермил Иларионович Борисов,29.08.1945,15682926376462151254,"499769,53",RUB,TXN-000072,списание,"48140,36",27.05.2025
Юдин Ратмир Ефстафьевич,04.07.1935,50151944555192570015,"95999,02",RUB,TXN-000073,пополнение,"40661,26",04.09.2024
Филатов Ферапонт Трофимович,08.03.1990,67582935742538236635,"432455,42",RUB,TXN-000074,пополнение,38867,04.11.2024
Парамон Фадеевич Прохоров,24.07.2001,86207568409642800025,"34619,7",RUB,TXN-000075,списание,"2905,07",25.06.2025
Назаров Эмиль Димитриевич,01.04.1939,10726008725230400965,"270833,71",RUB,TXN-000076,пополнение,"47520,32",08.04.2024
Михайлов Болеслав Федосеевич,08.11.1943,82951144616457936591,"141278,73",RUB,TXN-000077,пополнение,"15776,69",24.06.2025
Костина Феврония Кузьминична,09.08.1985,51622175006744355286,"512627,84",RUB,TXN-000078,пополнение,"29031,66",18.02.2025
Лукин Вениамин Антипович,09.08.2007,59030314989272537570,"466870,1",RUB,TXN-000079,списание,"8876,93",29.03.2025
Русаков Михаил Изотович,24.01.1979,49969426189905679819,"112128,75",RUB,TXN-000080,пополнение,"37972,94",07.02.2024
Елизавета Ильинична Галкина,26.05.1942,50804325124819714670,"390071,99",EUR,TXN-000081,пополнение,"1048,45",14.03.2023
Калинин Мина Яковлевич,09.06.1994,16291612630487898634,"378124,3",RUB,TXN-000082,пополнение,"11720,67",01.03.2025
Евсеев Арефий Адамович,21.11.1948,71986601332671321535,"84694,21",RUB,TXN-000083,пополнение,"29724,86",19.10.2023
Глеб Георгиевич Жуков,14.08.1944,14532615353338622553,"436579,84",RUB,TXN-000084,пополнение,"22453,79",18.07.2025
Сидоров Фока Архипович,14.05.1990,31135692295217402973,"469418,61",RUB,TXN-000085,пополнение,"14811,38",28.07.2024
Константинова Синклитикия Геннадьевна,15.02.1936,15500929923189665257,"321224,84",RUB,TXN-000086,пополнение,"12690,9",28.01.2025
Лукин Вениамин Антипович,09.08.2007,59030314989272537570,"510819,55",RUB,TXN-000087,пополнение,"43949,45",13.07.2025
Ксения Дмитриевна Шубина,15.12.1940,25352384691482853675,"230066,89",RUB,TXN-000088,пополнение,"32862,48",21.05.2025
Беляков Карл Августович,27.03.2007,12286798530761746347,"415421,86",RUB,TXN-000089,пополнение,"34230,36",01.04.2025
Михаил Валерьянович Ковалев,13.09.2005,99524700644080498375,"230587,69",USD,TXN-000090,пополнение,"1514,92",13.06.2025
Александров Вячеслав Давыдович,07.10.2000,25124009860727406455,570150,RUB,TXN-000091,пополнение,"40933,56",16.11.2024
г-жа Владимирова Жанна Егоровна,03.01.2002,03839281351770298453,"328635,26",RUB,TXN-000092,пополнение,"5322,56",05.08.2024
Парамон Фадеевич Прохоров,24.07.2001,91824971549841436514,"91538,17",RUB,TXN-000093,списание,"7155,04",28.12.2022
Феофан Фокич Константинов,06.01.1979,39487202310676406682,"56129,69",EUR,TXN-000094,пополнение,"3670,88",17.06.2025
Лазарева Светлана Викторовна,13.06.1946,25862218248712175587,"488495,31",RUB,TXN-000095,пополнение,"4430,47",07.07.2023
Зыкова Алина Алексеевна,09.10.1952,26906400082498587708,"419443,35",RUB,TXN-000096,списание,"17767,82",29.12.2024
Лазарева София Сергеевна,04.08.2000,96653853232141525980,"393444,88",RUB,TXN-000097,пополнение,"11546,74",23.05.2025
Эдуард Харлампович Дементьев,02.06.1989,47933262294457950778,"491166,81",EUR,TXN-000098,пополнение,"3147,38",31.10.2023
Устинов Мартьян Артемьевич,11.08.1945,09543205179469171304,"11045,39",RUB,TXN-000099,пополнение,"8692,65",24.08.2023
Фёкла Ефимовна Шарапова,28.12.1982,48579726695618990022,"213136,82",RUB,TXN-000100,списание,"28517,91",06.07.2022
Ермил Иларионович Борисов,29.08.1945,15682926376462151254,"516922,8",RUB,TXN-000101,пополнение,"17153,27",10.06.2025
Никонова Василиса Максимовна,07.11.2005,80926382426486138198,"42714,41",RUB,TXN-000102,пополнение,"33747,25",04.02.2023
Калинин Мина Яковлевич,09.06.1994,16291612630487898634,"389515,54",RUB,TXN-000103,пополнение,"11391,24",10.04.2025
Никонова Василиса Максимовна,07.11.2005,80926382426486138198,"81771,31",RUB,TXN-000104,пополнение,"39056,9",29.05.2023
Шашкова Анжелика Николаевна,20.01.1958,99512535090277357663,"73305,64",RUB,TXN-000105,списание,"22472,49",21.04.2021
Зиновьева Валерия Юльевна,02.06.1937,04985001820465044524,"295051,09",EUR,TXN-000106,пополнение,"2194,45",30.04.2025
Фаина Робертовна Елисеева,21.03.1985,39752945457649538306,"484287,78",RUB,TXN-000107,пополнение,"47030,81",11.12.2021
Анжелика Владиславовна Стрелкова,27.03.2006,36247923860338585544,"289528,46",USD,TXN-000108,списание,"3689,78",04.05.2024
Эдуард Харлампович Дементьев,02.06.1989,47933262294457950778,"489802,37",EUR,TXN-000109,списание,"1364,44",10.06.2024
Зиновьева Валерия Юльевна,02.06.1937,04985001820465044524,"298659,15",EUR,TXN-000110,пополнение,"3608,06",31.07.2025
София Вадимовна Муравьева,05.02.2006,33113475367161171808,"40656,22",RUB,TXN-000111,пополнение,"39589,01",16.11.2023
Виктория Романовна Суворова,08.04.1963,62586253289101690568,"469179,24",RUB,TXN-000112,пополнение,"7390,22",01.05.2025
Ираида Рубеновна Мясникова,25.01.1968,89137604630841712901,"139950,3",RUB,TXN-000113,списание,"46777,7",14.06.2024
Ольга Ильинична Гаврилова,12.11.1995,10944158191265775922,"398814,6",RUB,TXN-000114,пополнение,"5461,78",23.04.2025
Доронин Мариан Феофанович,31.07.2005,49355113086622022332,"222926,37",RUB,TXN-000115,списание,"8949,83",24.06.2025
Ольга Ильинична Гаврилова,12.11.1995,49978494142694702284,"303590,07",USD,TXN-000116,списание,"1065,04",11.07.2025
Нифонт Давидович Абрамов,14.06.1936,63870045289536785574,"174019,37",RUB,TXN-000117,пополнение,"33976,48",10.06.2025
Комиссаров Ферапонт Алексеевич,22.10.1946,08718685539916451493,"224353,8",RUB,TXN-000118,списание,"25193,49",08.02.2022
Леонтий Эдгарович Константинов,07.07.1958,93130175159868466260,"291174,79",USD,TXN-000119,пополнение,"4942,57",02.02.2025
Комаров Гремислав Адамович,18.04.1967,60449356805627484893,"393280,14",USD,TXN-000120,списание,"827,01",25.08.2021
Денис Димитриевич Лазарев,01.02.1983,17168076555810597290,"236521,07",RUB,TXN-000121,пополнение,"10738,88",28.04.2025
Зиновьева Валерия Юльевна,02.06.1937,04985001820465044524,"296761,36",EUR,TXN-000122,списание,"1897,79",03.08.2025
Светлана Михайловна Васильева,17.09.1942,33250518160647396543,"48282,21",RUB,TXN-000123,пополнение,"20031,67",12.10.2021
Никонова Василиса Максимовна,07.11.2005,67203173155935191937,"306517,97",RUB,TXN-000124,пополнение,"20866,43",12.01.2024
Мишина Ирина Николаевна,24.04.2004,35272125170619511971,"168641,3",RUB,TXN-000125,списание,"6972,93",27.07.2025
Беляков Карл Августович,27.03.2007,91291258862354152710,"350671,92",RUB,TXN-000126,пополнение,"2925,62",13.10.2024
Ксения Матвеевна Симонова,11.12.1974,29277170572708849356,"437002,27",USD,TXN-000127,списание,"3934,66",28.01.2025
Ермаков Парамон Феоктистович,17.10.1977,12078358583783479562,"141783,4",RUB,TXN-000128,пополнение,"3252,84",05.01.2023
Ильин Симон Давыдович,17.03.1992,50684432847849818355,"353299,59",RUB,TXN-000129,списание,"18104,23",14.02.2022
Ксения Дмитриевна Шубина,15.12.1940,06991809580338445008,"90500,29",RUB,TXN-000130,пополнение,"3627,76",05.05.2025
Селезнев Соломон Ефремович,06.08.1962,32230189148870087986,"40707,49",RUB,TXN-000131,пополнение,"1816,72",26.01.2024
Денис Димитриевич Лазарев,01.02.1983,17168076555810597290,"219217,06",RUB,TXN-000132,списание,"17304,01",26.06.2025
Сафонова Варвара Харитоновна,06.02.1983,92832198326716442413,"475002,71",RUB,TXN-000133,пополнение,"44341,11",14.02.2025
Пелагея Аркадьевна Стрелкова,06.03.1935,83010446882223757073,"45078,58",USD,TXN-000134,пополнение,"2092,74",15.11.2021
Суханова Евпраксия Львовна,20.07.1945,69667099733356507965,"411312,42",RUB,TXN-000135,пополнение,"1537,18",12.01.2024
Синклитикия Кузьминична Бирюкова,05.02.1979,69971807334747909852,"356585,57",RUB,TXN-000136,списание,"11900,1",22.04.2025
Ольга Ильинична Гаврилова,12.11.1995,10944158191265775922,"407535,16",RUB,TXN-000137,пополнение,"8720,56",12.07.2025
Зиновьева Валерия Юльевна,02.06.1937,99204802300717699155,"424063,67",RUB,TXN-000138,пополнение,"8209,3",26.03.2022
Костина Феврония Кузьминична,09.08.1985,93357745387990187270,"191653,14",USD,TXN-000139,списание,"4320,31",14.12.2023
Наркис Устинович Тихонов,18.04.1947,62812103454020445790,"452237,04",RUB,TXN-000140,пополнение,"1053,05",22.07.2025
Клавдия Захаровна Васильева,30.09.1976,61023594373912577861,"444301,35",RUB,TXN-000141,пополнение,"1096,65",04.04.2025
Надежда Владиславовна Самсонова,08.03.1992,78602808705459454432,"374315,33",RUB,TXN-000142,пополнение,"26305,18",14.12.2023
Лазарева София Сергеевна,04.08.2000,31302989452475318003,"480803,52",RUB,TXN-000143,списание,"37346,35",29.05.2025
Михаил Валерьянович Ковалев,13.09.2005,10700399580694763355,"481967,77",RUB,TXN-000144,пополнение,"36637,74",15.03.2022
Борисов Андрон Чеславович,02.04.2001,33072611652895995039,"382014,96",RUB,TXN-000145,списание,"29462,72",12.05.2023
Пелагея Аркадьевна Стрелкова,06.03.1935,57328281115283030437,"347231,82",RUB,TXN-000146,пополнение,22065,04.06.2024
Константинова Синклитикия Геннадьевна,15.02.1936,65854960628584636067,"429609,71",USD,TXN-000147,пополнение,"1298,92",08.06.2025
Евсеев Арефий Адамович,21.11.1948,69273345637500895976,"206242,02",RUB,TXN-000148,пополнение,"27107,79",13.09.2022
Элеонора Альбертовна Якушева,13.06.1942,94568546041364512615,"112019,1",USD,TXN-000149,списание,"288,08",19.02.2025
Стоян Аверьянович Белоусов,24.07.1952,94084535724116999534,"216536,78",RUB,TXN-000150,пополнение,"49782,69",12.12.2023
Зиновьева Юлия Даниловна,29.12.2003,79848126655195321041,"490179,85",RUB,TXN-000151,пополнение,"6620,56",17.05.2025
Субботин Флорентин Эдгардович,12.06.1990,59215494949426531803,"5342,98",RUB,TXN-000152,списание,"11094,9",24.07.2025
Ермил Иларионович Борисов,29.08.1945,58586817713633595928,"119367,29",RUB,TXN-000153,пополнение,"4175,82",15.03.2024
Сафонова Варвара Харитоновна,06.02.1983,42471587776751170553,"434806,97",RUB,TXN-000154,списание,"16836,8",15.05.2025
Наркис Устинович Тихонов,18.04.1947,08664613621910455830,"125482,02",RUB,TXN-000155,пополнение,"46751,16",21.01.2025
Прохорова Александра Николаевна,25.10.1972,41322151774963019930,"265250,33",RUB,TXN-000156,списание,"22879,79",30.08.2024
Пелагея Наумовна Лебедева,02.09.1939,68479970420372918946,"339059,55",RUB,TXN-000157,пополнение,"31185,41",14.10.2021
Юлия Афанасьевна Киселева,05.04.1935,06182772313812340696,"266932,5",RUB,TXN-000158,пополнение,"15189,55",07.02.2024
Игорь Игнатьевич Кононов,14.01.1992,14956367057431550852,"316231,56",RUB,TXN-000159,пополнение,"20375,98",25.05.2025
Евсеев Арефий Адамович,21.11.1948,69273345637500895976,"159605,17",RUB,TXN-000160,списание,"46636,85",07.12.2022
Назаров Эмиль Димитриевич,01.04.1939,52406801227659938013,"378902,77",RUB,TXN-000161,пополнение,"4302,23",04.09.2022
Людмила Болеславовна Беспалова,22.03.1972,50420311277658307662,"329379,23",RUB,TXN-000162,списание,"18001,91",15.11.2023
Мартьян Фёдорович Кудряшов,11.09.1969,68743646009211691315,"476812,51",RUB,TXN-000163,пополнение,"5563,17",03.06.2025
Прохорова Прасковья Руслановна,24.12.1998,77665585114312675407,"316858,18",RUB,TXN-000164,пополнение,"48114,42",19.06.2025
Мишина Ирина Николаевна,24.04.2004,24615525994187278221,"362767,12",RUB,TXN-000165,пополнение,"24033,29",14.07.2025
Глафира Станиславовна Галкина,03.05.1997,66031113031427300928,"501684,65",RUB,TXN-000166,пополнение,"30763,52",18.04.2025
Доронин Мариан Феофанович,31.07.2005,49355113086622022332,"248433,35",RUB,TXN-000167,пополнение,"25506,98",02.07.2025
Назаров Эмиль Димитриевич,01.04.1939,10726008725230400965,"320235,61",RUB,TXN-000168,пополнение,"49401,9",06.02.2025
Владилен Гавриилович Шашков,30.03.1957,61757006724064778602,"41537,12",USD,TXN-000169,пополнение,"4980,01",10.04.2025
Милан Артёмович Емельянов,24.10.1935,74195973141159835657,"414167,18",RUB,TXN-000170,списание,"31799,72",02.09.2024
София Вадимовна Муравьева,05.02.2006,33113475367161171808,"52449,04",RUB,TXN-000171,пополнение,"11792,82",03.04.2025
Тетерин Гедеон Димитриевич,09.07.1996,16380657400895940552,"127774,81",RUB,TXN-000172,списание,"48283,93",17.09.2024
Ксения Матвеевна Симонова,11.12.1974,29277170572708849356,"438353,87",USD,TXN-000173,пополнение,"1351,6",22.07.2025
Савина Дарья Феликсовна,04.10.1981,62213700440504845701,"275091,43",RUB,TXN-000174,списание,"20456,1",07.08.2025
Зиновьева Валерия Юльевна,02.06.1937,04985001820465044524,"300713,88",EUR,TXN-000175,пополнение,"3952,52",08.08.2025
Селиверст Борисович Родионов,27.12.2006,97672345039464067637,"289310,65",RUB,TXN-000176,пополнение,"6168,1",29.06.2021
Крылов Ратмир Фёдорович,22.01.1994,16017516315887221436,"442778,82",RUB,TXN-000177,списание,"40565,67",24.06.2022
Захаров Никон Измаилович,02.05.1953,29854252953173861342,"315527,59",RUB,TXN-000178,списание,"20382,49",04.04.2025
Синклитикия Кузьминична Бирюкова,05.02.1979,69971807334747909852,"401472,43",RUB,TXN-000179,пополнение,"44886,86",09.07.2025
Денис Димитриевич Лазарев,01.02.1983,27237050073096440958,"216249,83",RUB,TXN-000180,пополнение,"17139,32",02.07.2023
Васильев Юрий Фомич,08.10.1942,16445857683165088124,"41153,52",RUB,TXN-000181,списание,"10933,45",09.08.2025
Михайлов Болеслав Федосеевич,08.11.1943,69286010886924368178,"413319,08",RUB,TXN-000182,списание,"7477,84",17.01.2025
Суханова Евпраксия Львовна,20.07.1945,69667099733356507965,"408724,4",RUB,TXN-000183,списание,"2588,02",10.11.2024
Савельев Фока Елизарович,22.09.1958,21249589365197667007,"74080,72",RUB,TXN-000184,списание,"13749,75",01.04.2024
Милан Артёмович Емельянов,24.10.1935,74195973141159835657,"462189,48",RUB,TXN-000185,пополнение,"48022,3",12.06.2025
Орехова Любовь Геннадиевна,03.06.2001,54806441265151112138,"261417,05",USD,TXN-000186,пополнение,"1296,31",25.06.2023
Пелагея Наумовна Лебедева,02.09.1939,83359995081483265724,"65802,99",RUB,TXN-000187,пополнение,"2570,68",30.12.2023
Прохорова Прасковья Руслановна,24.12.1998,03388896194371541907,"298904,53",RUB,TXN-000188,списание,"762,73",24.04.2023
Волкова Марфа Богдановна,17.10.1963,74376103712002420079,"120818,51",RUB,TXN-000189,пополнение,"3703,44",15.07.2025
Иларион Тимурович Гордеев,16.11.1959,27053068335256992621,"273142,59",RUB,TXN-000190,пополнение,"38280,93",04.12.2023
Лазарева София Сергеевна,04.08.2000,96653853232141525980,"425892,9",RUB,TXN-000191,пополнение,"32448,02",24.05.2025
Наркис Устинович Тихонов,18.04.1947,62812103454020445790,"421542,54",RUB,TXN-000192,списание,"30694,5",22.07.2025
Назаров Эмиль Димитриевич,01.04.1939,52406801227659938013,"382640,4",RUB,TXN-000193,пополнение,"3737,63",03.05.2024
Прохорова Александра Николаевна,25.10.1972,41322151774963019930,"266914,33",RUB,TXN-000194,пополнение,1664,31.12.2024
Анжелика Владиславовна Стрелкова,27.03.2006,36247923860338585544,"293298,3",USD,TXN-000195,пополнение,"3769,84",29.09.2024
Клавдия Аркадьевна Бурова,27.11.1977,38502180887707926009,"372515,53",RUB,TXN-000196,пополнение,"33496,36",22.07.2023
Борисов Андрон Чеславович,02.04.2001,33072611652895995039,"402972,37",RUB,TXN-000197,пополнение,"20957,41",11.03.2024
Устинов Мартьян Артемьевич,11.08.1945,09543205179469171304,"3184,89",RUB,TXN-000198,списание,"7860,5",03.10.2023
Ираида Рубеновна Мясникова,25.01.1968,89137604630841712901,"175978,14",RUB,TXN-000199,пополнение,"36027,84",11.01.2025
Константинова Синклитикия Геннадьевна,15.02.1936,15500929923189665257,"339092,6",RUB,TXN-000200,пополнение,"17867,76",09.07.2025
Мартынов Никифор Ефимович,01.09.2005,15619190708569692187,"488703,21",RUB,TXN-000201,пополнение,"31996,17",12.08.2024
Михайлов Болеслав Федосеевич,08.11.1943,69286010886924368178,"451500,27",RUB,TXN-000202,пополнение,"38181,19",27.02.2025
г-н Мамонтов Бронислав Викторович,28.07.2003,88432249045682128681,"273510,67",EUR,TXN-000203,списание,"2971,94",31.08.2024
Калинин Мина Яковлевич,09.06.1994,71314804808739445677,"256852,48",RUB,TXN-000204,пополнение,"22619,13",28.09.2021
Зиновьева Валерия Юльевна,02.06.1937,04985001820465044524,"300175,96",EUR,TXN-000205,списание,"537,92",08.08.2025
Михаил Валерьянович Ковалев,13.09.2005,10700399580694763355,"435153,23",RUB,TXN-000206,списание,"46814,54",22.03.2022
Александров Вячеслав Давыдович,07.10.2000,98996069459646827161,"371741,6",USD,TXN-000207,пополнение,"1800,05",12.06.2025
Баранова Анна Олеговна,26.03.1994,95263842112131981850,"503881,18",RUB,TXN-000208,пополнение,"42425,34",15.07.2025
Васильев Юрий Фомич,08.10.1942,73692599804370853844,"250225,75",RUB,TXN-000209,списание,"16996,7",21.09.2022
Михаил Валерьянович Ковалев,13.09.2005,10700399580694763355,"414917,58",RUB,TXN-000210,списание,"20235,65",19.08.2024
Овчинникова Алевтина Робертовна,06.05.1975,81651764468885952063,"161603,05",RUB,TXN-000211,списание,"45896,86",22.08.2024
Людмила Болеславовна Беспалова,22.03.1972,50420311277658307662,"346148,1",RUB,TXN-000212,пополнение,"16768,87",25.03.2025
Нифонт Давидович Абрамов,14.06.1936,63870045289536785574,"135338,3",RUB,TXN-000213,списание,"38681,07",03.07.2025
Пелагея Аркадьевна Стрелкова,06.03.1935,83010446882223757073,"45931,19",USD,TXN-000214,пополнение,"852,61",12.11.2023
Костин Митофан Эдуардович,25.10.1976,56689401348024232307,"81086,12",RUB,TXN-000215,пополнение,"10601,94",20.05.2023
Попова Варвара Наумовна,28.08.1950,39686008838265784029,"172195,07",USD,TXN-000216,пополнение,"2725,1",26.12.2024
Пелагея Аркадьевна Стрелкова,06.03.1935,57328281115283030437,"380882,68",RUB,TXN-000217,пополнение,"33650,86",22.06.2024
Шашкова Анжелика Николаевна,20.01.1958,85345273799296837262,"302511,57",RUB,TXN-000218,пополнение,"9303,32",06.07.2025
Субботин Флорентин Эдгардович,12.06.1990,59215494949426531803,"43343,04",RUB,TXN-000219,пополнение,"38000,06",07.08.2025
Буров Ян Владиславович,07.07.1951,14533313050950597113,"351056,29",RUB,TXN-000220,пополнение,"33235,25",04.08.2025
Лукин Вениамин Антипович,09.08.2007,59030314989272537570,"525195,44",RUB,TXN-000221,пополнение,"14375,89",08.08.2025
Селезнев Соломон Ефремович,06.08.1962,32230189148870087986,"51035,95",RUB,TXN-000222,пополнение,"10328,46",18.02.2025
Аполлон Феодосьевич Красильников,04.01.1974,48585148760366575923,"291817,85",USD,TXN-000223,пополнение,"2318,43",24.08.2023
Гедеон Федосьевич Калинин,13.06.1987,42844330682120561753,"235156,82",RUB,TXN-000224,пополнение,"43732,46",18.04.2022
Костин Митофан Эдуардович,25.10.1976,85751048734452419009,"7956,13",RUB,TXN-000225,списание,"16029,34",24.07.2023
Светлана Михайловна Васильева,17.09.1942,56530836610776721670,"324427,96",RUB,TXN-000226,пополнение,"9008,14",23.11.2024
Юлия Афанасьевна Киселева,05.04.1935,65010899861530041303,"169610,36",RUB,TXN-000227,пополнение,"6265,97",12.07.2025
Русаков Михаил Изотович,24.01.1979,49969426189905679819,"63301,92",RUB,TXN-000228,списание,"48826,83",06.05.2024
Иларион Тимурович Гордеев,16.11.1959,27053068335256992621,"274971,66",RUB,TXN-000229,пополнение,"1829,07",13.03.2025
г-жа Владимирова Жанна Егоровна,03.01.2002,75480454556376862274,"487658,87",RUB,TXN-000230,списание,"32979,2",18.05.2025
Павел Ануфриевич Дементьев,13.02.2007,11539222576339108178,"292907,53",EUR,TXN-000231,пополнение,"269,6",08.08.2025
Николаева Фаина Дмитриевна,27.05.1988,85964954857184690949,"230827,04",RUB,TXN-000232,пополнение,"19231,05",03.08.2025
Исаев Стоян Васильевич,13.05.1936,44167901934108031377,"250546,21",RUB,TXN-000233,списание,"39357,48",07.08.2025
Эдуард Харлампович Дементьев,02.06.1989,47933262294457950778,"489217,74",EUR,TXN-000234,списание,"584,63",17.10.2024
Мартынов Никифор Ефимович,01.09.2005,15619190708569692187,"507564,17",RUB,TXN-000235,пополнение,"18860,96",11.07.2025
Зиновьева Валерия Юльевна,02.06.1937,04985001820465044524,"300572,6",EUR,TXN-000236,пополнение,"396,64",09.08.2025
Беляков Карл Августович,27.03.2007,91291258862354152710,"382625,59",RUB,TXN-000237,пополнение,"31953,67",30.01.2025
Михайлов Болеслав Федосеевич,08.11.1943,69286010886924368178,"419593,89",RUB,TXN-000238,списание,"31906,38",21.07.2025
Михайлова Октябрина Харитоновна,19.02.1959,16375934869860732627,"47706,23",RUB,TXN-000239,пополнение,"23618,96",06.09.2022
Леонтий Вячеславович Морозов,21.09.1950,77651645977260069869,"185486,66",RUB,TXN-000240,пополнение,"43809,06",08.03.2025
Шашкова Анжелика Николаевна,20.01.1958,99512535090277357663,"68452,72",RUB,TXN-000241,списание,"4852,92",26.03.2023
Людмила Болеславовна Беспалова,22.03.1972,44135964820383194283,"508865,34",RUB,TXN-000242,пополнение,"49679,55",02.09.2022
Мартьян Фёдорович Кудряшов,11.09.1969,77537790336674678223,"117649,74",RUB,TXN-000243,пополнение,"8752,46",19.12.2024
Васильев Юрий Фомич,08.10.1942,77531184390625444002,"55775,45",RUB,TXN-000244,пополнение,"34030,59",13.03.2025
Селиверст Борисович Родионов,27.12.2006,97672345039464067637,"253116,47",RUB,TXN-000245,списание,"36194,18",15.06.2024
Клавдия Захаровна Васильева,30.09.1976,61023594373912577861,469026,RUB,TXN-000246,пополнение,"24724,65",30.06.2025
Кондратьева Фаина Матвеевна,11.10.1999,72811693978647315809,"111528,43",RUB,TXN-000247,пополнение,"12807,72",24.11.2023
Игорь Игнатьевич Кононов,14.01.1992,14956367057431550852,"344600,82",RUB,TXN-000248,пополнение,"28369,26",10.07.2025
Елисеев Архип Юльевич,28.01.1995,05378399503607954981,"94423,87",RUB,TXN-000249,пополнение,"2736,01",09.12.2022
Игнатьева Ксения Болеславовна,25.08.1969,16048661727296135848,"444175,03",RUB,TXN-000250,пополнение,"18532,62",04.03.2025
Анастасия Натановна Федотова,26.06.1988,21981178628248260336,"141616,09",RUB,TXN-000251,пополнение,"26397,68",05.07.2024
Буров Ян Владиславович,07.07.1951,60529691130286631352,"458573,78",RUB,TXN-000252,списание,"28626,78",24.05.2025
Лукин Вениамин Антипович,09.08.2007,71504690165291932671,"488542,46",RUB,TXN-000253,списание,"25436,83",10.05.2025
Субботин Флорентин Эдгардович,12.06.1990,53448015462291290446,"274822,68",EUR,TXN-000254,пополнение,"1953,68",20.04.2022
Лазарев Терентий Чеславович,05.07.1989,51783472429226669744,"377848,77",EUR,TXN-000255,списание,"3942,3",23.09.2022
Наркис Устинович Тихонов,18.04.1947,08664613621910455830,"130198,6",RUB,TXN-000256,пополнение,"4716,58",17.07.2025
Овчинников Филипп Чеславович,15.07.1998,79911451469976784493,"377977,23",RUB,TXN-000257,пополнение,"49992,48",30.09.2023
Конон Эдуардович Егоров,06.04.1956,92770917077135877681,"92038,6",EUR,TXN-000258,пополнение,"714,81",13.07.2025
Фёкла Ефимовна Шарапова,28.12.1982,91945831421091572881,"258419,5",RUB,TXN-000259,списание,"10544,37",26.04.2025
Зиновьева Юлия Даниловна,29.12.2003,75482938576120860233,"377394,55",USD,TXN-000260,пополнение,"16,33",15.03.2025
Ксения Дмитриевна Шубина,15.12.1940,06991809580338445008,"103707,51",RUB,TXN-000261,пополнение,"13207,22",19.06.2025
Костина Феврония Кузьминична,09.08.1985,63681242797783447687,"247573,06",RUB,TXN-000262,списание,"13002,01",17.03.2025
Доронин Мариан Феофанович,31.07.2005,49355113086622022332,"287901,71",RUB,TXN-000263,пополнение,"39468,36",31.07.2025
Флорентин Филатович Суворов,02.04.2005,72132021758792464740,"361985,06",RUB,TXN-000264,пополнение,"6253,59",25.08.2023
Эдуард Харлампович Дементьев,02.06.1989,47933262294457950778,"485199,92",EUR,TXN-000265,списание,"4017,82",04.04.2025
Светлана Михайловна Васильева,17.09.1942,33250518160647396543,"76612,74",RUB,TXN-000266,пополнение,"28330,53",01.06.2022
Стоян Аверьянович Белоусов,24.07.1952,94084535724116999534,"256479,61",RUB,TXN-000267,пополнение,"39942,83",26.05.2025
Денис Димитриевич Лазарев,01.02.1983,27237050073096440958,"256737,37",RUB,TXN-000268,пополнение,"40487,54",17.12.2023
Николаева Фаина Дмитриевна,27.05.1988,85964954857184690949,"280125,16",RUB,TXN-000269,пополнение,"49298,12",07.08.2025
Ольга Ильинична Гаврилова,12.11.1995,49978494142694702284,"306061,54",USD,TXN-000270,пополнение,"2471,47",15.07.2025
Нифонт Давидович Абрамов,14.06.1936,51557678529204388493,"134392,28",RUB,TXN-000271,пополнение,"8807,47",22.09.2024
Милица Альбертовна Федорова,30.12.1952,42527838626025362085,"23151,56",RUB,TXN-000272,списание,"32246,23",13.03.2022
Аверкий Елизарович Самойлов,07.03.2007,21506696903684169065,"202280,72",RUB,TXN-000273,пополнение,"10854,09",07.07.2023
Михаил Валерьянович Ковалев,13.09.2005,41582002942872856331,"189358,1",RUB,TXN-000274,пополнение,"37051,43",25.04.2024
Костина Феврония Кузьминична,09.08.1985,93357745387990187270,"192495,41",USD,TXN-000275,пополнение,"842,27",14.12.2024
Элеонора Альбертовна Якушева,13.06.1942,13194609969557752414,"10898,5",RUB,TXN-000276,пополнение,"4662,17",19.04.2023
Селиверст Борисович Родионов,27.12.2006,97672345039464067637,"261897,94",RUB,TXN-000277,пополнение,"8781,47",21.12.2024
Надежда Владиславовна Самсонова,08.03.1992,80045526897574793979,"135544,44",RUB,TXN-000278,пополнение,"20076,46",16.02.2023
г-н Мамонтов Бронислав Викторович,28.07.2003,18855750361877631254,"374622,92",RUB,TXN-000279,пополнение,"33208,17",19.07.2024
Дарья Ивановна Дроздова,24.03.1963,78945063142576271983,"12506,77",RUB,TXN-000280,пополнение,"6112,04",04.12.2024
Светлана Михайловна Васильева,17.09.1942,33250518160647396543,"86222,48",RUB,TXN-000281,пополнение,"9609,74",01.12.2023
Лукин Вениамин Антипович,09.08.2007,71504690165291932671,"531733,94",RUB,TXN-000282,пополнение,"43191,48",01.06.2025
Раиса Архиповна Суханова,24.01.2004,32906913857165860792,"185664,94",RUB,TXN-000283,пополнение,"31947,4",25.06.2025
Петр Фадеевич Петров,17.02.2005,99707859455831819817,"97321,57",RUB,TXN-000284,пополнение,"33254,75",04.08.2025
Аполлон Феодосьевич Красильников,04.01.1974,50660851436704202567,"399223,31",RUB,TXN-000285,списание,"48084,48",29.11.2021
Клавдия Аркадьевна Бурова,27.11.1977,38502180887707926009,"390807,39",RUB,TXN-000286,пополнение,"18291,86",06.07.2024
Ермаков Парамон Феоктистович,17.10.1977,95985837319843106517,"247505,9",RUB,TXN-000287,списание,"27106,07",07.05.2023
Аверкий Исидорович Ершов,22.01.1978,46494969622925522776,"101700,59",USD,TXN-000288,пополнение,"3813,32",11.01.2025
Элеонора Альбертовна Якушева,13.06.1942,94568546041364512615,"114246,86",USD,TXN-000289,пополнение,"2227,76",07.06.2025
Михаил Валерьянович Ковалев,13.09.2005,99524700644080498375,"228421,43",USD,TXN-000290,списание,"2166,26",15.06.2025
Александров Вячеслав Давыдович,07.10.2000,98996069459646827161,"373263,3",USD,TXN-000291,пополнение,"1521,7",11.07.2025
Ия Аркадьевна Одинцова,21.05.1977,06140210640542698881,"190890,76",RUB,TXN-000292,пополнение,"47589,95",01.06.2025
Суханова Евпраксия Львовна,20.07.1945,48323452134327931103,"415057,7",USD,TXN-000293,пополнение,"1476,03",04.07.2024
Овчинникова Алевтина Робертовна,06.05.1975,55101310675352791405,"357901,67",RUB,TXN-000294,пополнение,"36255,44",22.02.2025
Прохорова Александра Николаевна,25.10.1972,41322151774963019930,"244725,85",RUB,TXN-000295,списание,"22188,48",04.05.2025
Элеонора Альбертовна Якушева,13.06.1942,94568546041364512615,"115073,31",USD,TXN-000296,пополнение,"826,45",07.07.2025
Флорентин Филатович Суворов,02.04.2005,72132021758792464740,"380856,96",RUB,TXN-000297,пополнение,"18871,9",12.03.2024
Светлана Валериевна Терентьева,03.12.1993,03682666151592151412,"499069,52",RUB,TXN-000298,пополнение,"30094,45",17.02.2023
Фёкла Ефимовна Шарапова,28.12.1982,48579726695618990022,"188892,71",RUB,TXN-000299,списание,"24244,11",19.09.2023
Сорокина Алевтина Вениаминовна,08.09.1981,49619732971229051015,"261779,44",RUB,TXN-000300,пополнение,"46677,32",24.09.2024
Дарья Ивановна Дроздова,24.03.1963,60581294830354035993,"399628,91",RUB,TXN-000301,пополнение,"32421,23",13.10.2022
Исаев Стоян Васильевич,13.05.1936,45877700748187830041,"518367,22",RUB,TXN-000302,пополнение,"35416,89",27.05.2025
Мишина Ирина Николаевна,24.04.2004,35272125170619511971,"186676,55",RUB,TXN-000303,пополнение,"18035,25",31.07.2025
Пелагея Аркадьевна Стрелкова,06.03.1935,92236380761708816926,"346171,32",RUB,TXN-000304,пополнение,"15839,28",29.04.2025
Пелагея Аркадьевна Стрелкова,06.03.1935,57328281115283030437,"368932,13",RUB,TXN-000305,списание,"11950,55",26.04.2025
Дементьева Нинель Анатольевна,28.01.2002,35469634233294463385,"146981,9",RUB,TXN-000306,списание,"26950,92",18.08.2023
Устинов Мартьян Артемьевич,11.08.1945,09543205179469171304,"7995,32",RUB,TXN-000307,пополнение,"4810,43",19.03.2024
Александров Вячеслав Давыдович,07.10.2000,25124009860727406455,"525124,42",RUB,TXN-000308,списание,"45025,58",13.01.2025
Петухова Ульяна Вениаминовна,19.01.1958,46293989901421092000,"212033,47",RUB,TXN-000309,пополнение,"32297,36",18.06.2025
Элеонора Альбертовна Якушева,13.06.1942,94568546041364512615,"110945,32",USD,TXN-000310,списание,"4127,99",28.07.2025
Субботин Флорентин Эдгардович,12.06.1990,53448015462291290446,"279722,91",EUR,TXN-000311,пополнение,"4900,23",24.06.2024
Аполлон Феодосьевич Красильников,04.01.1974,50660851436704202567,"449190,19",RUB,TXN-000312,пополнение,"49966,88",29.10.2022
Прохорова Прасковья Руслановна,24.12.1998,77665585114312675407,"318830,86",RUB,TXN-000313,пополнение,"1972,68",22.06.2025
Селезнев Соломон Ефремович,06.08.1962,32230189148870087986,"28641,44",RUB,TXN-000314,списание,"22394,51",25.07.2025
Михайлова Октябрина Харитоновна,19.02.1959,16375934869860732627,"70670,65",RUB,TXN-000315,пополнение,"22964,42",06.01.2025
Назаров Эмиль Димитриевич,01.04.1939,14560637358437832741,"878,82",RUB,TXN-000316,списание,"45310,35",18.06.2025
Беляков Карл Августович,27.03.2007,91291258862354152710,"405453,32",RUB,TXN-000317,пополнение,"22827,73",11.05.2025
Баранов Творимир Терентьевич,17.12.1988,28618381934190690729,"305701,99",RUB,TXN-000318,списание,"31642,91",04.08.2023
Юлия Афанасьевна Киселева,05.04.1935,65010899861530041303,"211137,48",RUB,TXN-000319,пополнение,"41527,12",02.08.2025
Мишина Ирина Николаевна,24.04.2004,66203840477480321768,"362823,12",USD,TXN-000320,пополнение,"971,53",08.06.2025
Регина Вениаминовна Белозерова,23.10.1982,19575335378033152643,"153039,42",RUB,TXN-000321,списание,"10546,49",27.05.2024
Суханова Евпраксия Львовна,20.07.1945,69667099733356507965,"456118,1",RUB,TXN-000322,пополнение,"47393,7",02.03.2025
Мишина Ирина Николаевна,24.04.2004,35272125170619511971,"188165,82",RUB,TXN-000323,пополнение,"1489,27",02.08.2025
Владилен Гавриилович Шашков,30.03.1957,61757006724064778602,"37870,06",USD,TXN-000324,списание,"3667,06",02.08.2025
Буров Ян Владиславович,07.07.1951,60529691130286631352,"445194,99",RUB,TXN-000325,списание,"13378,79",28.06.2025
Людмила Болеславовна Беспалова,22.03.1972,81847152947904231821,"379162,64",RUB,TXN-000326,пополнение,"4498,3",19.09.2023
Комиссаров Ферапонт Алексеевич,22.10.1946,08718685539916451493,"189653,1",RUB,TXN-000327,списание,"34700,7",12.12.2022
Конон Эдуардович Егоров,06.04.1956,59893792274290284916,"467368,51",RUB,TXN-000328,пополнение,"24959,65",02.04.2025
Олег Изотович Калашников,13.03.1942,29757648351119611862,"542210,29",RUB,TXN-000329,пополнение,"45945,49",15.08.2024
Ксения Матвеевна Симонова,11.12.1974,29277170572708849356,"437328,35",USD,TXN-000330,списание,"1025,52",22.07.2025
Волкова Марфа Богдановна,17.10.1963,74376103712002420079,"87767,75",RUB,TXN-000331,списание,"33050,76",23.07.2025
Савина Дарья Феликсовна,04.10.1981,62213700440504845701,"290123,93",RUB,TXN-000332,пополнение,"15032,5",10.08.2025
Эдуард Харлампович Дементьев,02.06.1989,47933262294457950778,"486967,55",EUR,TXN-000333,пополнение,"1767,63",23.07.2025
Евсеева Пелагея Ниловна,16.01.1983,17181867165363196714,"69153,69",RUB,TXN-000334,пополнение,"21297,23",17.03.2023
Степанов Лучезар Яковлевич,27.05.1949,33356143265645461455,"92526,26",RUB,TXN-000335,списание,"38120,53",06.05.2023
Регина Вениаминовна Белозерова,23.10.1982,19575335378033152643,"197422,76",RUB,TXN-000336,пополнение,"44383,34",16.10.2024
Костина Феврония Кузьминична,09.08.1985,63681242797783447687,"260760,55",RUB,TXN-000337,пополнение,"13187,49",30.03.2025
Павел Ануфриевич Дементьев,13.02.2007,11539222576339108178,"296560,88",EUR,TXN-000338,пополнение,"3653,35",10.08.2025
София Вадимовна Муравьева,05.02.2006,91550671785488028133,"440205,18",RUB,TXN-000339,списание,"13487,53",28.03.2023
Игнатьева Ксения Болеславовна,25.08.1969,06345408189185855172,"40960,4",RUB,TXN-000340,списание,"47069,82",12.05.2024
Сила Ильясович Кондратьев,29.10.1958,95778719091129610582,"509215,82",RUB,TXN-000341,пополнение,"3869,11",22.07.2025
Анжелика Владиславовна Стрелкова,27.03.2006,07411580587527808553,"201342,19",RUB,TXN-000342,пополнение,"27679,92",29.08.2023
Емельянова Елизавета Константиновна,04.07.1985,41554564073895022935,251056,RUB,TXN-000343,списание,"43721,03",21.02.2025
Ксения Ждановна Ларионова,04.08.1939,38951611025786354700,"377772,51",RUB,TXN-000344,списание,"12694,85",20.05.2024
Комарова Милица Ждановна,02.12.1985,59695021572977475486,"245245,97",USD,TXN-000345,пополнение,"2980,43",22.04.2024
Константинова Синклитикия Геннадьевна,15.02.1936,15500929923189665257,"307936,04",RUB,TXN-000346,списание,"31156,56",10.07.2025
Ксения Дмитриевна Шубина,15.12.1940,25352384691482853675,"257696,12",RUB,TXN-000347,пополнение,"27629,23",05.06.2025
Иванна Егоровна Федорова,06.08.1990,10989885709307023759,"385042,33",RUB,TXN-000348,пополнение,"4824,58",08.10.2024
Евгения Александровна Филатова,18.11.1952,38520382863294428343,"463508,1",RUB,TXN-000349,списание,"9642,98",24.01.2025
Овчинникова Алевтина Робертовна,06.05.1975,81651764468885952063,"163753,06",RUB,TXN-000350,пополнение,"2150,01",01.12.2024
Ольга Ильинична Гаврилова,12.11.1995,80143986560071986500,"341173,13",RUB,TXN-000351,пополнение,"34335,95",12.11.2023
Фёкла Ефимовна Шарапова,28.12.1982,48579726695618990022,"164503,83",RUB,TXN-000352,списание,"24388,88",04.06.2024
Комаров Гремислав Адамович,18.04.1967,60449356805627484893,"393642,18",USD,TXN-000353,пополнение,"362,04",04.09.2022
Константинова Синклитикия Геннадьевна,15.02.1936,65854960628584636067,"426316,54",USD,TXN-000354,списание,"3293,17",14.07.2025
Исаев Стоян Васильевич,13.05.1936,44167901934108031377,"298996,54",RUB,TXN-000355,пополнение,"48450,33",08.08.2025
Овчинникова Алевтина Робертовна,06.05.1975,55101310675352791405,"395614,7",RUB,TXN-000356,пополнение,"37713,03",15.07.2025
г-н Мамонтов Бронислав Викторович,28.07.2003,05724096908769644407,"407213,93",RUB,TXN-000357,пополнение,"26456,07",17.08.2024
Михайлов Болеслав Федосеевич,08.11.1943,84935729033082457525,"35539,27",RUB,TXN-000358,списание,"31530,63",13.02.2025
Лазарева Светлана Викторовна,13.06.1946,25862218248712175587,"489096,65",RUB,TXN-000359,пополнение,"601,34",29.03.2025
Наркис Устинович Тихонов,18.04.1947,08664613621910455830,143697,RUB,TXN-000360,пополнение,"13498,4",03.08.2025
Зыкова Алина Алексеевна,09.10.1952,26906400082498587708,"440719,51",RUB,TXN-000361,пополнение,"21276,16",05.04.2025
Константинова Синклитикия Геннадьевна,15.02.1936,65854960628584636067,"426654,87",USD,TXN-000362,пополнение,"338,33",22.07.2025
Глафира Станиславовна Галкина,03.05.1997,66031113031427300928,"523925,35",RUB,TXN-000363,пополнение,"22240,7",02.06.2025
Костина Феврония Кузьминична,09.08.1985,63681242797783447687,"262149,91",RUB,TXN-000364,пополнение,"1389,36",02.04.2025
Денис Димитриевич Лазарев,01.02.1983,27237050073096440958,"304888,97",RUB,TXN-000365,пополнение,"48151,6",01.05.2025
Аполлон Феодосьевич Красильников,04.01.1974,50660851436704202567,"407118,94",RUB,TXN-000366,списание,"42071,25",01.04.2023
Пелагея Аркадьевна Стрелкова,06.03.1935,57328281115283030437,"383341,8",RUB,TXN-000367,пополнение,"14409,67",21.05.2025
Лидия Александровна Моисеева,09.05.1952,41391170647064369100,"169505,23",RUB,TXN-000368,списание,"42740,32",11.05.2025
Шашкова Анжелика Николаевна,20.01.1958,99512535090277357663,"107616,87",RUB,TXN-000369,пополнение,"39164,15",09.04.2025
Михаил Валерьянович Ковалев,13.09.2005,41582002942872856331,163885,RUB,TXN-000370,списание,"25473,1",21.01.2025
Денис Димитриевич Лазарев,01.02.1983,80742668620727740969,"443343,09",RUB,TXN-000371,пополнение,"37387,08",19.02.2025
Мартынов Никифор Ефимович,01.09.2005,15619190708569692187,"544451,41",RUB,TXN-000372,пополнение,"36887,24",11.07.2025
Нифонт Давидович Абрамов,14.06.1936,63870045289536785574,"174986,03",RUB,TXN-000373,пополнение,"39647,73",02.08.2025
Борисов Андрон Чеславович,02.04.2001,33072611652895995039,"448369,13",RUB,TXN-000374,пополнение,"45396,76",30.11.2024
Филатов Ферапонт Трофимович,08.03.1990,76021444342048832017,"459624,61",RUB,TXN-000375,списание,"18331,81",17.11.2024
Васильев Юрий Фомич,08.10.1942,73692599804370853844,"238518,82",RUB,TXN-000376,списание,"11706,93",22.05.2023
Конон Эдуардович Егоров,06.04.1956,92770917077135877681,"91983,2",EUR,TXN-000377,списание,"55,4",05.08.2025
Анжелика Владиславовна Стрелкова,27.03.2006,10100803956156991196,"292110,8",RUB,TXN-000378,списание,"43411,54",12.07.2022
Лазарев Терентий Чеславович,05.07.1989,69013341301099336988,"150875,17",RUB,TXN-000379,пополнение,"35756,66",28.12.2023
Сафонова Варвара Харитоновна,06.02.1983,42471587776751170553,"406815,2",RUB,TXN-000380,списание,"27991,77",15.07.2025
Милен Харитонович Ермаков,24.04.1937,63373542918980927544,"317738,36",EUR,TXN-000381,пополнение,"2479,18",25.10.2023
Юдин Ратмир Ефстафьевич,04.07.1935,50151944555192570015,"129630,63",RUB,TXN-000382,пополнение,"33631,61",27.03.2025
Наркис Устинович Тихонов,18.04.1947,08664613621910455830,"165856,1",RUB,TXN-000383,пополнение,"22159,1",04.08.2025
Комиссаров Ферапонт Алексеевич,22.10.1946,08718685539916451493,"191045,31",RUB,TXN-000384,пополнение,"1392,21",04.03.2023
Рожкова Виктория Евгеньевна,17.04.1951,01421333326843114699,"168027,58",RUB,TXN-000385,пополнение,"2741,5",04.08.2025
Баранова Анна Олеговна,26.03.1994,95263842112131981850,"547963,56",RUB,TXN-000386,пополнение,"44082,38",30.07.2025
г-н Мамонтов Бронислав Викторович,28.07.2003,05724096908769644407,"416486,19",RUB,TXN-000387,пополнение,"9272,26",18.05.2025
Виктория Романовна Суворова,08.04.1963,62586253289101690568,"504060,19",RUB,TXN-000388,пополнение,"34880,95",23.07.2025
Дарья Ивановна Дроздова,24.03.1963,60581294830354035993,"416752,26",RUB,TXN-000389,пополнение,"17123,35",02.04.2024
Зиновьева Юлия Даниловна,29.12.2003,79848126655195321041,"490572,5",RUB,TXN-000390,пополнение,"392,65",05.08.2025
Евсеев Арефий Адамович,21.11.1948,68996098323391090719,"287851,79",RUB,TXN-000391,пополнение,"31877,39",23.05.2025
Ксения Ждановна Ларионова,04.08.1939,38951611025786354700,"331762,61",RUB,TXN-000392,списание,"46009,9",25.05.2024
Лидия Александровна Моисеева,09.05.1952,41391170647064369100,"144303,35",RUB,TXN-000393,списание,"25201,88",25.06.2025
Комарова Милица Ждановна,02.12.1985,39437395145416376680,"325619,22",RUB,TXN-000394,списание,"37004,21",08.08.2024
Филатов Ферапонт Трофимович,08.03.1990,76021444342048832017,"481563,16",RUB,TXN-000395,пополнение,"21938,55",12.07.2025
Ольга Ильинична Гаврилова,12.11.1995,80143986560071986500,"343725,63",RUB,TXN-000396,пополнение,"2552,5",03.03.2024
Глеб Георгиевич Жуков,14.08.1944,14532615353338622553,"454456,71",RUB,TXN-000397,пополнение,"17876,87",09.08.2025
Кондратьева Фаина Матвеевна,11.10.1999,98924773003575881901,"34322,26",RUB,TXN-000398,пополнение,"30850,41",14.04.2025
Анастасия Натановна Федотова,26.06.1988,53228584174138331516,"122322,62",RUB,TXN-000399,пополнение,"45462,22",31.10.2024
Пелагея Аркадьевна Стрелкова,06.03.1935,57328281115283030437,"429387,55",RUB,TXN-000400,пополнение,"46045,75",15.06.2025
Светлана Валериевна Терентьева,03.12.1993,03682666151592151412,"528929,56",RUB,TXN-000401,пополнение,"29860,04",02.05.2023
Конон Эдуардович Егоров,06.04.1956,92770917077135877681,"94362,06",EUR,TXN-000402,пополнение,"2378,86",09.08.2025
Савельев Фока Елизарович,22.09.1958,21249589365197667007,"64232,31",RUB,TXN-000403,списание,"9848,41",17.12.2024
Зиновьева Юлия Даниловна,29.12.2003,97306037155849349479,"149047,48",RUB,TXN-000404,списание,"12465,84",24.09.2023
Субботин Флорентин Эдгардович,12.06.1990,59215494949426531803,"69911,21",RUB,TXN-000405,пополнение,"26568,17",07.08.2025
Ия Аркадьевна Одинцова,21.05.1977,12956806723959637403,"117934,66",RUB,TXN-000406,пополнение,"21192,86",18.02.2023
Аполлинарий Германович Некрасов,04.11.1993,12663445814239570976,"426400,35",RUB,TXN-000407,пополнение,"26272,58",09.12.2024
Алевтина Вячеславовна Орлова,01.07.1964,17611854958699831738,"264433,06",RUB,TXN-000408,списание,"38381,82",07.08.2024
г-жа Владимирова Жанна Егоровна,03.01.2002,03839281351770298453,"332283,68",RUB,TXN-000409,пополнение,"3648,42",09.06.2025
Петухова Ульяна Вениаминовна,19.01.1958,46293989901421092000,"247039,91",RUB,TXN-000410,пополнение,"35006,44",02.07.2025
Мишина Ирина Николаевна,24.04.2004,24615525994187278221,"335255,73",RUB,TXN-000411,списание,"27511,39",18.07.2025
Мишина Ирина Николаевна,24.04.2004,35272125170619511971,"220170,62",RUB,TXN-000412,пополнение,"32004,8",03.08.2025
Кондратьева Фаина Матвеевна,11.10.1999,98924773003575881901,"64845,74",RUB,TXN-000413,пополнение,"30523,48",19.06.2025
Костин Митофан Эдуардович,25.10.1976,56689401348024232307,"103631,34",RUB,TXN-000414,пополнение,"22545,22",25.10.2023
Шашкова Анжелика Николаевна,20.01.1958,24447885583530695866,"160670,97",RUB,TXN-000415,пополнение,"30138,87",01.08.2025
Терентий Федотович Авдеев,21.05.2001,91033053000797167796,"2406,77",RUB,TXN-000416,списание,"1804,4",21.07.2025
Костина Феврония Кузьминична,09.08.1985,63681242797783447687,"252591,09",RUB,TXN-000417,списание,"9558,82",18.07.2025
Александров Вячеслав Давыдович,07.10.2000,98996069459646827161,"372810,32",USD,TXN-000418,списание,"452,98",31.07.2025
Парамон Фадеевич Прохоров,24.07.2001,86207568409642800025,"43618,44",RUB,TXN-000419,пополнение,"8998,74",08.08.2025
Суханова Евпраксия Львовна,20.07.1945,48323452134327931103,"416321,15",USD,TXN-000420,пополнение,"1263,45",30.12.2024
Анастасия Натановна Федотова,26.06.1988,53228584174138331516,"137201,84",RUB,TXN-000421,пополнение,"14879,22",13.01.2025
Михаил Валерьянович Ковалев,13.09.2005,41582002942872856331,"204322,06",RUB,TXN-000422,пополнение,"40437,06",03.03.2025
Михайлов Болеслав Федосеевич,08.11.1943,84935729033082457525,"10468,75",RUB,TXN-000423,списание,"25070,52",26.05.2025
Прохорова Александра Николаевна,25.10.1972,41322151774963019930,"284381,21",RUB,TXN-000424,пополнение,"39655,36",07.08.2025
Овчинников Филипп Чеславович,15.07.1998,79911451469976784493,"365584,45",RUB,TXN-000425,списание,"12392,78",25.01.2024
Русаков Михаил Изотович,24.01.1979,49969426189905679819,"34692,4",RUB,TXN-000426,списание,"28609,52",07.08.2024
Тетерин Гедеон Димитриевич,09.07.1996,16380657400895940552,"140509,55",RUB,TXN-000427,пополнение,"12734,74",12.02.2025
Надежда Владиславовна Самсонова,08.03.1992,78602808705459454432,"387440,65",RUB,TXN-000428,пополнение,"13125,32",07.07.2024
Сидоров Фока Архипович,14.05.1990,31135692295217402973,"453881,12",RUB,TXN-000429,списание,"15537,49",23.01.2025
Капитон Филатович Гущин,09.11.1959,24045722983361752847,"127993,88",EUR,TXN-000430,пополнение,"2010,4",02.08.2023
Синклитикия Кузьминична Бирюкова,05.02.1979,55262793036358046035,"402226,65",RUB,TXN-000431,пополнение,"27219,87",03.08.2025
Емельянова Елизавета Константиновна,04.07.1985,50768210241236287300,"412670,2",RUB,TXN-000432,списание,"10967,26",05.03.2025
Синклитикия Кузьминична Бирюкова,05.02.1979,55262793036358046035,"374088,99",RUB,TXN-000433,списание,"28137,66",05.08.2025
Надежда Владиславовна Самсонова,08.03.1992,78602808705459454432,"405281,59",RUB,TXN-000434,пополнение,"17840,94",14.07.2025
Лазарева Клавдия Никифоровна,17.07.2002,30877956582229283686,"282100,98",RUB,TXN-000435,пополнение,"15295,71",13.04.2024
Юлия Афанасьевна Киселева,05.04.1935,98520320237825945395,"229379,95",EUR,TXN-000436,пополнение,"1143,77",22.03.2023
Феофан Фокич Константинов,06.01.1979,39487202310676406682,"60221,33",EUR,TXN-000437,пополнение,"4091,64",21.07.2025
Ермил Иларионович Борисов,29.08.1945,15682926376462151254,"529225,37",RUB,TXN-000438,пополнение,"12302,57",17.07.2025
Савина Дарья Феликсовна,04.10.1981,01594841938006291821,"151406,29",RUB,TXN-000439,пополнение,"24960,12",02.10.2024
Кондратьева Фаина Матвеевна,11.10.1999,48069638436328706877,"110949,89",RUB,TXN-000440,пополнение,"6609,53",29.05.2024
Савина Дарья Феликсовна,04.10.1981,41630356662573719887,"39241,83",RUB,TXN-000441,пополнение,"4558,06",30.08.2022
Денис Димитриевич Лазарев,01.02.1983,17168076555810597290,"242700,29",RUB,TXN-000442,пополнение,"23483,23",20.07.2025
Фёкла Ефимовна Шарапова,28.12.1982,42762534464294644825,"102792,39",RUB,TXN-000443,списание,"3868,8",22.06.2022
Клавдия Захаровна Васильева,30.09.1976,61023594373912577861,"467171,67",RUB,TXN-000444,списание,"1854,33",24.07.2025
Мартьян Фёдорович Кудряшов,11.09.1969,68743646009211691315,"493746,73",RUB,TXN-000445,пополнение,"16934,22",18.07.2025
Ксения Дмитриевна Шубина,15.12.1940,25352384691482853675,"233938,43",RUB,TXN-000446,списание,"23757,69",17.07.2025
Сафонова Варвара Харитоновна,06.02.1983,92832198326716442413,"521682,12",RUB,TXN-000447,пополнение,"46679,41",16.05.2025
Беляков Карл Августович,27.03.2007,12286798530761746347,"450890,94",RUB,TXN-000448,пополнение,"35469,08",12.07.2025
Костин Митофан Эдуардович,25.10.1976,56689401348024232307,"150559,88",RUB,TXN-000449,пополнение,"46928,54",15.11.2023
Иванна Егоровна Федорова,06.08.1990,73737822192244195450,"228157,6",RUB,TXN-000450,списание,"39519,73",29.08.2024
Иванна Егоровна Федорова,06.08.1990,19726261952286496806,"21605,18",RUB,TXN-000451,списание,"23907,78",08.12.2022
Синклитикия Кузьминична Бирюкова,05.02.1979,55262793036358046035,"377885,33",RUB,TXN-000452,пополнение,"3796,34",05.08.2025
Евсеев Арефий Адамович,21.11.1948,71986601332671321535,"48420,14",RUB,TXN-000453,списание,"36274,07",30.04.2025
Виноградова Марфа Андреевна,30.09.1990,93898177672506080061,"281025,99",RUB,TXN-000454,пополнение,"8793,11",15.06.2023
Леонтий Эдгарович Константинов,07.07.1958,93130175159868466260,"295360,74",USD,TXN-000455,пополнение,"4185,95",06.04.2025
Ксения Дмитриевна Шубина,15.12.1940,06991809580338445008,"89293,86",RUB,TXN-000456,списание,"14413,65",19.06.2025
Аполлон Феодосьевич Красильников,04.01.1974,50660851436704202567,"415405,71",RUB,TXN-000457,пополнение,"8286,77",30.08.2024
Рожкова Виктория Евгеньевна,17.04.1951,01421333326843114699,"140780,48",RUB,TXN-000458,списание,"27247,1",04.08.2025
Мартынов Никифор Ефимович,01.09.2005,45284704203460218959,"495653,92",RUB,TXN-000459,пополнение,"30575,52",18.01.2025
Попова Варвара Наумовна,28.08.1950,57830093612040700115,"18065,39",USD,TXN-000460,пополнение,"573,07",05.01.2024
Елизавета Ильинична Галкина,26.05.1942,50804325124819714670,"389813,17",EUR,TXN-000461,списание,"258,82",18.04.2023
Конон Эдуардович Егоров,06.04.1956,59893792274290284916,"481802,67",RUB,TXN-000462,пополнение,"14434,16",08.04.2025
Прохорова Прасковья Руслановна,24.12.1998,03388896194371541907,"348369,6",RUB,TXN-000463,пополнение,"49465,07",14.02.2024
Фаина Робертовна Елисеева,21.03.1985,39752945457649538306,"505651,29",RUB,TXN-000464,пополнение,"21363,51",31.12.2022
Комарова Милица Ждановна,02.12.1985,78399839998618376670,"438017,94",RUB,TXN-000465,пополнение,"15865,2",13.07.2021
Емельянова Елизавета Константиновна,04.07.1985,50768210241236287300,"365603,59",RUB,TXN-000466,списание,"47066,61",03.06.2025
Ермаков Парамон Феоктистович,17.10.1977,12078358583783479562,"114211,19",RUB,TXN-000467,списание,"27572,21",26.07.2024
Исаев Стоян Васильевич,13.05.1936,45877700748187830041,"538351,31",RUB,TXN-000468,пополнение,"19984,09",24.07.2025
Никонова Василиса Максимовна,07.11.2005,74692674377254175140,"165880,62",RUB,TXN-000469,пополнение,"13063,74",12.01.2025
Елизавета Ильинична Галкина,26.05.1942,50804325124819714670,"388242,08",EUR,TXN-000470,списание,"1571,09",26.05.2025
Фаина Робертовна Елисеева,21.03.1985,27496337711220257954,"384776,81",RUB,TXN-000471,пополнение,"5024,39",09.10.2024
Мишина Ирина Николаевна,24.04.2004,24615525994187278221,"353580,6",RUB,TXN-000472,пополнение,"18324,87",04.08.2025
Лазарева Клавдия Никифоровна,17.07.2002,37543708073842883371,"293311,14",RUB,TXN-000473,списание,"40923,4",05.11.2024
Пелагея Аркадьевна Стрелкова,06.03.1935,92236380761708816926,"317885,73",RUB,TXN-000474,списание,"28285,59",27.07.2025
Нифонт Давидович Абрамов,14.06.1936,51557678529204388493,"137212,42",RUB,TXN-000475,пополнение,"2820,14",27.10.2024
Волкова Марфа Богдановна,17.10.1963,74376103712002420079,"62284,42",RUB,TXN-000476,списание,"25483,33",08.08.2025
Беляков Карл Августович,27.03.2007,12286798530761746347,"497684,83",RUB,TXN-000477,пополнение,"46793,89",27.07.2025
Федор Григорьевич Терентьев,23.03.1941,40092927801913168659,"156563,59",RUB,TXN-000478,списание,"40027,62",18.05.2025
Михаил Валерьянович Ковалев,13.09.2005,41582002942872856331,"156030,11",RUB,TXN-000479,списание,"48291,95",11.04.2025
Игнатьева Ксения Болеславовна,25.08.1969,56552766549748805626,"232475,06",RUB,TXN-000480,списание,"9942,41",18.10.2023
Фаина Робертовна Елисеева,21.03.1985,39752945457649538306,"553764,86",RUB,TXN-000481,пополнение,"48113,57",19.02.2024
Ермил Иларионович Борисов,29.08.1945,58586817713633595928,"114825,7",RUB,TXN-000482,списание,"4541,59",19.10.2024
Николаева Фаина Дмитриевна,27.05.1988,85964954857184690949,"326889,57",RUB,TXN-000483,пополнение,"46764,41",09.08.2025
Ольга Ильинична Гаврилова,12.11.1995,10944158191265775922,"412929,14",RUB,TXN-000484,пополнение,"5393,98",19.07.2025
Мишина Ирина Николаевна,24.04.2004,24615525994187278221,"401984,91",RUB,TXN-000485,пополнение,"48404,31",06.08.2025
Комарова Милица Ждановна,02.12.1985,78399839998618376670,474006,RUB,TXN-000486,пополнение,"35988,06",17.01.2022
Зиновьева Юлия Даниловна,29.12.2003,79848126655195321041,507189,RUB,TXN-000487,пополнение,"16616,5",09.08.2025
Лазарев Терентий Чеславович,05.07.1989,31378268392402773177,"329920,46",USD,TXN-000488,пополнение,"2249,77",11.11.2024
Нифонт Давидович Абрамов,14.06.1936,63870045289536785574,"221567,4",RUB,TXN-000489,пополнение,"46581,37",04.08.2025
г-н Мамонтов Бронислав Викторович,28.07.2003,05724096908769644407,446648,RUB,TXN-000490,пополнение,"30161,81",07.07.2025
Юдин Ратмир Ефстафьевич,04.07.1935,50151944555192570015,"97899,55",RUB,TXN-000491,списание,"31731,08",28.06.2025
Зиновьева Юлия Даниловна,29.12.2003,79848126655195321041,"550843,23",RUB,TXN-000492,пополнение,"43654,23",10.08.2025
Лазарев Терентий Чеславович,05.07.1989,31378268392402773177,"332586,94",USD,TXN-000493,пополнение,"2666,48",19.05.2025
Евгения Александровна Филатова,18.11.1952,38520382863294428343,"447691,99",RUB,TXN-000494,списание,"15816,11",26.03.2025
Леонтий Вячеславович Морозов,21.09.1950,77651645977260069869,"233389,83",RUB,TXN-000495,пополнение,"47903,17",07.07.2025
Лазарева София Сергеевна,04.08.2000,96653853232141525980,"456930,97",RUB,TXN-000496,пополнение,"31038,07",26.06.2025
Павел Ануфриевич Дементьев,13.02.2007,11539222576339108178,"297992,6",EUR,TXN-000497,пополнение,"1431,72",10.08.2025
Ольга Ильинична Гаврилова,12.11.1995,49978494142694702284,"307025,16",USD,TXN-000498,пополнение,"963,62",06.08.2025
Савина Дарья Феликсовна,04.10.1981,01594841938006291821,"149819,74",RUB,TXN-000499,списание,"1586,55",17.06.2025
Леонтий Вячеславович Морозов,21.09.1950,24877776777960334953,"117471,82",RUB,TXN-000500,пополнение,"16152,15",04.03.2022
Емельянова Елизавета Константиновна,04.07.1985,50768210241236287300,"412442,99",RUB,TXN-000501,пополнение,"46839,4",11.07.2025
Комаров Гремислав Адамович,18.04.1967,60449356805627484893,"391222,73",USD,TXN-000502,списание,"2419,45",21.08.2024
Костин Митофан Эдуардович,25.10.1976,56689401348024232307,"174464,59",RUB,TXN-000503,пополнение,"23904,71",03.04.2024
Волкова Марфа Богдановна,17.10.1963,74376103712002420079,"86922,14",RUB,TXN-000504,пополнение,"24637,72",09.08.2025
Орехова Любовь Геннадиевна,03.06.2001,54806441265151112138,"261388,81",USD,TXN-000505,списание,"28,24",15.03.2024
Денис Димитриевич Лазарев,01.02.1983,80742668620727740969,"467474,39",RUB,TXN-000506,пополнение,"24131,3",06.03.2025
Костин Митофан Эдуардович,25.10.1976,56689401348024232307,"176450,04",RUB,TXN-000507,пополнение,"1985,45",02.06.2024
Петр Фадеевич Петров,17.02.2005,98136102375181436749,"236694,58",RUB,TXN-000508,списание,38287,31.05.2025
Шашкова Анжелика Николаевна,20.01.1958,85345273799296837262,"259922,26",RUB,TXN-000509,списание,"42589,31",24.07.2025
Овчинникова Алевтина Робертовна,06.05.1975,55101310675352791405,"392037,13",RUB,TXN-000510,списание,"3577,57",23.07.2025
Мишина Ирина Николаевна,24.04.2004,24615525994187278221,"369527,01",RUB,TXN-000511,списание,"32457,9",10.08.2025
Ермаков Парамон Феоктистович,17.10.1977,12078358583783479562,"133241,53",RUB,TXN-000512,пополнение,"19030,34",19.02.2025
Зиновьева Юлия Даниловна,29.12.2003,97306037155849349479,"154081,26",RUB,TXN-000513,пополнение,"5033,78",23.07.2024
Анастасия Натановна Федотова,26.06.1988,53228584174138331516,"134683,47",RUB,TXN-000514,списание,"2518,37",23.05.2025
Михайлов Болеслав Федосеевич,08.11.1943,84935729033082457525,"4820,41",RUB,TXN-000515,списание,"5648,34",09.08.2025
Ермил Иларионович Борисов,29.08.1945,15682926376462151254,"543386,77",RUB,TXN-000516,пополнение,"14161,4",09.08.2025
Ильин Симон Давыдович,17.03.1992,50684432847849818355,"320561,12",RUB,TXN-000517,списание,"32738,47",01.01.2024
Устинов Мартьян Артемьевич,11.08.1945,09543205179469171304,"14520,17",RUB,TXN-000518,пополнение,"6524,85",04.11.2024
Клавдия Захаровна Васильева,30.09.1976,61023594373912577861,"469734,21",RUB,TXN-000519,пополнение,"2562,54",01.08.2025
Елизавета Ильинична Галкина,26.05.1942,50804325124819714670,"385747,32",EUR,TXN-000520,списание,"2494,76",26.05.2025
Дарья Ивановна Дроздова,24.03.1963,60581294830354035993,"373381,37",RUB,TXN-000521,списание,"43370,89",23.08.2024
Суханова Евпраксия Львовна,20.07.1945,48323452134327931103,"417780,09",USD,TXN-000522,пополнение,"1458,94",19.04.2025
Кондратьева Фаина Матвеевна,11.10.1999,98924773003575881901,"76356,41",RUB,TXN-000523,пополнение,"11510,67",28.06.2025
Раиса Архиповна Суханова,24.01.2004,32906913857165860792,"146115,62",RUB,TXN-000524,списание,"39549,32",12.07.2025
Доронин Мариан Феофанович,31.07.2005,05905052750472545906,"268493,89",USD,TXN-000525,пополнение,"2239,39",22.01.2025
Никонова Василиса Максимовна,07.11.2005,67203173155935191937,"350906,31",RUB,TXN-000526,пополнение,"44388,34",15.11.2024
Калинин Мина Яковлевич,09.06.1994,16291612630487898634,"424676,76",RUB,TXN-000527,пополнение,"35161,22",30.04.2025
Харитонова Дарья Вячеславовна,05.12.1990,06616708627675842207,"70667,26",RUB,TXN-000528,пополнение,"20046,01",26.03.2025
Мартынов Никифор Ефимович,01.09.2005,15619190708569692187,"523302,1",RUB,TXN-000529,списание,"21149,31",21.07.2025
Прохорова Александра Николаевна,25.10.1972,39214296507148718495,"107449,49",RUB,TXN-000530,списание,"18172,86",22.09.2024
Терентий Федотович Авдеев,21.05.2001,61510611446072383946,"340217,08",RUB,TXN-000531,пополнение,"3873,96",21.05.2023
Ксения Матвеевна Симонова,11.12.1974,29277170572708849356,"439400,93",USD,TXN-000532,пополнение,"2072,58",04.08.2025
Алевтина Вячеславовна Орлова,01.07.1964,17611854958699831738,"272889,84",RUB,TXN-000533,пополнение,"8456,78",24.11.2024
Овчинникова Алевтина Робертовна,06.05.1975,55101310675352791405,"353452,1",RUB,TXN-000534,списание,"38585,03",10.08.2025
Буров Ян Владиславович,07.07.1951,14533313050950597113,"387140,32",RUB,TXN-000535,пополнение,"36084,03",08.08.2025
Селиверст Борисович Родионов,27.12.2006,97672345039464067637,"219755,47",RUB,TXN-000536,списание,"42142,47",22.06.2025
Субботин Флорентин Эдгардович,12.06.1990,91200547137503014772,"505632,92",RUB,TXN-000537,пополнение,"23588,23",04.05.2025
Фёкла Ефимовна Шарапова,28.12.1982,42762534464294644825,"145537,88",RUB,TXN-000538,пополнение,"42745,49",11.06.2023
Евсеев Арефий Адамович,21.11.1948,71986601332671321535,"83144,58",RUB,TXN-000539,пополнение,"34724,44",20.06.2025
Евсеев Арефий Адамович,21.11.1948,68996098323391090719,"267567,69",RUB,TXN-000540,списание,"20284,1",06.07.2025
Буров Ян Владиславович,07.07.1951,60529691130286631352,"404135,06",RUB,TXN-000541,списание,"41059,93",24.07.2025
Глеб Георгиевич Жуков,14.08.1944,83114364593198963292,"291291,79",USD,TXN-000542,пополнение,"1966,07",30.07.2023
Субботин Флорентин Эдгардович,12.06.1990,91200547137503014772,"488035,85",RUB,TXN-000543,списание,"17597,07",29.07.2025
Евсеев Арефий Адамович,21.11.1948,71986601332671321535,"83256,61",RUB,TXN-000544,пополнение,"112,03",29.06.2025
Васильев Юрий Фомич,08.10.1942,16445857683165088124,"53664,92",RUB,TXN-000545,пополнение,"12511,4",09.08.2025
Лазарева Клавдия Никифоровна,17.07.2002,30877956582229283686,"312473,39",RUB,TXN-000546,пополнение,"30372,41",14.10.2024
Евгения Александровна Филатова,18.11.1952,38520382863294428343,"490987,68",RUB,TXN-000547,пополнение,"43295,69",13.05.2025
Игорь Игнатьевич Кононов,14.01.1992,14956367057431550852,"340842,86",RUB,TXN-000548,списание,"3757,96",02.08.2025
Комиссаров Ферапонт Алексеевич,22.10.1946,08718685539916451493,"228072,2",RUB,TXN-000549,пополнение,"37026,89",12.04.2025
Мартьян Фёдорович Кудряшов,11.09.1969,77537790336674678223,"82597,04",RUB,TXN-000550,списание,"35052,7",01.02.2025
Наум Игоревич Корнилов,11.12.1937,20550242929244304943,"71272,68",EUR,TXN-000551,пополнение,"3666,17",12.02.2022
Нифонт Давидович Абрамов,14.06.1936,63870045289536785574,"229263,59",RUB,TXN-000552,пополнение,"7696,19",08.08.2025
Денис Димитриевич Лазарев,01.02.1983,80742668620727740969,"454430,34",RUB,TXN-000553,списание,"13044,05",22.07.2025
Мишина Ирина Николаевна,24.04.2004,66203840477480321768,"357839,05",USD,TXN-000554,списание,"4984,07",08.07.2025
Шашкова Анжелика Николаевна,20.01.1958,99512535090277357663,"94242,4",RUB,TXN-000555,списание,"13374,47",16.05.2025
Селиверст Борисович Родионов,27.12.2006,97672345039464067637,"220753,08",RUB,TXN-000556,пополнение,"997,61",11.07.2025
Овчинникова Алевтина Робертовна,06.05.1975,55101310675352791405,"387894,22",RUB,TXN-000557,пополнение,"34442,12",10.08.2025
Константинова Синклитикия Геннадьевна,15.02.1936,65854960628584636067,"425968,75",USD,TXN-000558,списание,"686,12",23.07.2025
Пелагея Наумовна Лебедева,02.09.1939,83359995081483265724,"41561,52",RUB,TXN-000559,списание,"24241,47",08.08.2025
Людмила Болеславовна Беспалова,22.03.1972,44135964820383194283,"553268,45",RUB,TXN-000560,пополнение,"44403,11",20.08.2023
Мартынов Никифор Ефимович,01.09.2005,45284704203460218959,"515912,34",RUB,TXN-000561,пополнение,"20258,42",06.02.2025
Дарья Ивановна Дроздова,24.03.1963,49464754810726975986,"488280,79",USD,TXN-000562,пополнение,"3388,7",12.05.2023
Евсеев Арефий Адамович,21.11.1948,68996098323391090719,"290125,28",RUB,TXN-000563,пополнение,"22557,59",11.07.2025
Ермил Иларионович Борисов,29.08.1945,58586817713633595928,"122652,35",RUB,TXN-000564,пополнение,"7826,65",20.10.2024
Савельев Фока Елизарович,22.09.1958,96882319244566018915,"129313,98",RUB,TXN-000565,пополнение,"21678,61",31.01.2022
Красильников Гостомысл Фадеевич,20.03.1983,43528420951208717804,"76560,32",USD,TXN-000566,списание,"1115,04",28.07.2025
Баранова Анна Олеговна,26.03.1994,95263842112131981850,"576704,92",RUB,TXN-000567,пополнение,"28741,36",06.08.2025
Регина Вениаминовна Белозерова,23.10.1982,19575335378033152643,"168825,21",RUB,TXN-000568,списание,"28597,55",28.11.2024
Прохорова Прасковья Руслановна,24.12.1998,77665585114312675407,"357109,68",RUB,TXN-000569,пополнение,"38278,82",04.07.2025
Дарья Ивановна Дроздова,24.03.1963,49464754810726975986,"489776,21",USD,TXN-000570,пополнение,"1495,42",20.03.2024
Кондратьева Фаина Матвеевна,11.10.1999,98924773003575881901,"102611,73",RUB,TXN-000571,пополнение,"26255,32",08.08.2025
Михайлов Болеслав Федосеевич,08.11.1943,69286010886924368178,"423975,02",RUB,TXN-000572,пополнение,"4381,13",25.07.2025
Ермил Иларионович Борисов,29.08.1945,15682926376462151254,"508891,73",RUB,TXN-000573,списание,"34495,04",10.08.2025
Борисов Андрон Чеславович,02.04.2001,40744635326731920729,"55698,81",RUB,TXN-000574,пополнение,"15549,08",21.07.2025
Шашкова Анжелика Николаевна,20.01.1958,99512535090277357663,"91963,72",RUB,TXN-000575,списание,"2278,68",29.07.2025
Крылов Ратмир Фёдорович,22.01.1994,16017516315887221436,"491169,04",RUB,TXN-000576,пополнение,"48390,22",09.02.2024
Конон Эдуардович Егоров,06.04.1956,59893792274290284916,"529757,98",RUB,TXN-000577,пополнение,"47955,31",28.05.2025
Николаева Фаина Дмитриевна,27.05.1988,50243294730672516755,"369996,34",RUB,TXN-000578,пополнение,"3442,86",26.07.2024
Калинин Мина Яковлевич,09.06.1994,96072124796667035810,"469552,47",RUB,TXN-000579,пополнение,"26449,57",08.08.2025
Костин Митофан Эдуардович,25.10.1976,56689401348024232307,"212494,68",RUB,TXN-000580,пополнение,"36044,64",30.09.2024
Людмила Болеславовна Беспалова,22.03.1972,81847152947904231821,"413613,86",RUB,TXN-000581,пополнение,"34451,22",09.12.2023
Михайлов Болеслав Федосеевич,08.11.1943,84935729033082457525,"50233,79",RUB,TXN-000582,пополнение,"45413,38",09.08.2025
Олег Изотович Калашников,13.03.1942,80983865481182787303,"124023,43",RUB,TXN-000583,пополнение,"34659,38",27.07.2023
Баранова Анна Олеговна,26.03.1994,80236931652554390951,"314071,1",USD,TXN-000584,пополнение,"3866,67",20.08.2023
Савина Дарья Феликсовна,04.10.1981,01594841938006291821,"193804,93",RUB,TXN-000585,пополнение,"43985,19",24.07.2025
Глеб Георгиевич Жуков,14.08.1944,14532615353338622553,"458072,7",RUB,TXN-000586,пополнение,"3615,99",10.08.2025
Александров Вячеслав Давыдович,07.10.2000,98996069459646827161,"377536,48",USD,TXN-000587,пополнение,"4726,16",09.08.2025
Игнатьева Ксения Болеславовна,25.08.1969,56552766549748805626,"266073,15",RUB,TXN-000588,пополнение,"33598,09",25.11.2023
Михаил Валерьянович Ковалев,13.09.2005,99524700644080498375,"233011,05",USD,TXN-000589,пополнение,"4589,62",12.07.2025
Федор Григорьевич Терентьев,23.03.1941,40092927801913168659,"119724,52",RUB,TXN-000590,списание,"36839,07",03.07.2025
Сафонова Варвара Харитоновна,06.02.1983,42471587776751170553,"400099,75",RUB,TXN-000591,списание,"6715,45",28.07.2025
Зыкова Алина Алексеевна,09.10.1952,26906400082498587708,"471955,09",RUB,TXN-000592,пополнение,"31235,58",18.04.2025
Евсеев Арефий Адамович,21.11.1948,71986601332671321535,"72225,56",RUB,TXN-000593,списание,"11031,05",09.08.2025
Михаил Валерьянович Ковалев,13.09.2005,99524700644080498375,"232482,29",USD,TXN-000594,списание,"528,76",30.07.2025
Петр Фадеевич Петров,17.02.2005,98136102375181436749,"277735,98",RUB,TXN-000595,пополнение,"41041,4",01.07.2025
Евсеева Пелагея Ниловна,16.01.1983,17181867165363196714,"43189,33",RUB,TXN-000596,списание,"25964,36",22.11.2023
Евсеев Арефий Адамович,21.11.1948,71986601332671321535,"57768,41",RUB,TXN-000597,списание,"14457,15",09.08.2025
Надежда Владиславовна Самсонова,08.03.1992,78602808705459454432,"380253,22",RUB,TXN-000598,списание,"25028,37",14.07.2025
Ермил Иларионович Борисов,29.08.1945,15682926376462151254,"540138,91",RUB,TXN-000599,пополнение,"31247,18",10.08.2025
Сафонова Варвара Харитоновна,06.02.1983,92202342542557103692,"475303,4",USD,TXN-000600,пополнение,"1319,46",16.06.2025
Костин Митофан Эдуардович,25.10.1976,56689401348024232307,"256847,57",RUB,TXN-000601,пополнение,"44352,89",04.10.2024
Комарова Милица Ждановна,02.12.1985,39437395145416376680,"307735,33",RUB,TXN-000602,списание,"17883,89",25.03.2025
Овчинников Филипп Чеславович,15.07.1998,79911451469976784493,"415169,59",RUB,TXN-000603,пополнение,"49585,14",06.10.2024
Парамон Фадеевич Прохоров,24.07.2001,86207568409642800025,"68740,37",RUB,TXN-000604,пополнение,"25121,93",08.08.2025
Фёкла Ефимовна Шарапова,28.12.1982,48579726695618990022,"157679,94",RUB,TXN-000605,списание,"6823,89",07.04.2025
Лазарева Клавдия Никифоровна,17.07.2002,37543708073842883371,"281828,93",RUB,TXN-000606,списание,"11482,21",04.08.2025
Ермаков Парамон Феоктистович,17.10.1977,95985837319843106517,"254838,03",RUB,TXN-000607,пополнение,"7332,13",24.11.2024
Терентий Федотович Авдеев,21.05.2001,91033053000797167796,"30445,31",RUB,TXN-000608,пополнение,"28038,54",25.07.2025
Ия Аркадьевна Одинцова,21.05.1977,58630144757125925516,"151958,08",RUB,TXN-000609,списание,"37901,66",19.04.2025
Олег Изотович Калашников,13.03.1942,29757648351119611862,"515076,45",RUB,TXN-000610,списание,"27133,84",12.06.2025
Светлана Валериевна Терентьева,03.12.1993,22067139670352498247,"456576,02",RUB,TXN-000611,пополнение,"23328,73",10.07.2025
Устинов Мартьян Артемьевич,11.08.1945,33550752817924595323,"252446,18",USD,TXN-000612,списание,"1851,4",17.10.2022
Емельянова Елизавета Константиновна,04.07.1985,50768210241236287300,"458205,65",RUB,TXN-000613,пополнение,"45762,66",22.07.2025
Светлана Михайловна Васильева,17.09.1942,33250518160647396543,"108209,19",RUB,TXN-000614,пополнение,"21986,71",05.04.2024
Клавдия Захаровна Васильева,30.09.1976,61023594373912577861,"509487,89",RUB,TXN-000615,пополнение,"39753,68",06.08.2025
Евгения Александровна Филатова,18.11.1952,38520382863294428343,"516492,44",RUB,TXN-000616,пополнение,"25504,76",23.05.2025
Устинов Мартьян Артемьевич,11.08.1945,33550752817924595323,"251919,65",USD,TXN-000617,списание,"526,53",22.04.2023
Фёкла Ефимовна Шарапова,28.12.1982,48579726695618990022,"112058,44",RUB,TXN-000618,списание,"45621,5",01.05.2025
Милица Альбертовна Федорова,30.12.1952,92468136018969652921,"82093,56",RUB,TXN-000619,списание,"21990,37",21.05.2024
Михайлова Октябрина Харитоновна,19.02.1959,16375934869860732627,"22065,18",RUB,TXN-000620,списание,"48605,47",30.03.2025
Ермил Иларионович Борисов,29.08.1945,15682926376462151254,"568655,79",RUB,TXN-000621,пополнение,"28516,88",10.08.2025
Фёкла Ефимовна Шарапова,28.12.1982,91945831421091572881,"262169,31",RUB,TXN-000622,пополнение,"3749,81",10.07.2025
Прохорова Прасковья Руслановна,24.12.1998,77665585114312675407,"384349,19",RUB,TXN-000623,пополнение,"27239,51",08.07.2025
Орехова Любовь Геннадиевна,03.06.2001,54806441265151112138,"262111,5",USD,TXN-000624,пополнение,"722,69",21.07.2025
Евсеев Арефий Адамович,21.11.1948,68996098323391090719,"311884,32",RUB,TXN-000625,пополнение,"21759,04",16.07.2025
Русаков Михаил Изотович,24.01.1979,49969426189905679819,"33472,18",RUB,TXN-000626,списание,"1220,22",15.12.2024
Ольга Ильинична Гаврилова,12.11.1995,10944158191265775922,"454219,51",RUB,TXN-000627,пополнение,"41290,37",01.08.2025
Петр Фадеевич Петров,17.02.2005,99707859455831819817,"140473,83",RUB,TXN-000628,пополнение,"43152,26",09.08.2025
Стоян Аверьянович Белоусов,24.07.1952,94084535724116999534,"272669,86",RUB,TXN-000629,пополнение,"16190,25",28.07.2025
Милица Альбертовна Федорова,30.12.1952,92468136018969652921,"68755,83",RUB,TXN-000630,списание,"13337,73",03.02.2025
Ермил Иларионович Борисов,29.08.1945,29225060497343371028,"221146,7",EUR,TXN-000631,пополнение,"1277,61",01.10.2023
Александров Вячеслав Давыдович,07.10.2000,25124009860727406455,"561171,04",RUB,TXN-000632,пополнение,"36046,62",08.04.2025
Мишина Ирина Николаевна,24.04.2004,35272125170619511971,"203814,22",RUB,TXN-000633,списание,"16356,4",07.08.2025
Людмила Болеславовна Беспалова,22.03.1972,44135964820383194283,"569674,43",RUB,TXN-000634,пополнение,"16405,98",22.03.2024
Рожкова Виктория Евгеньевна,17.04.1951,01421333326843114699,"150435,81",RUB,TXN-000635,пополнение,"9655,33",07.08.2025
Денис Димитриевич Лазарев,01.02.1983,80742668620727740969,"470533,88",RUB,TXN-000636,пополнение,"16103,54",07.08.2025
Назаров Эмиль Димитриевич,01.04.1939,14560637358437832741,"8336,7",RUB,TXN-000637,пополнение,"7457,88",18.07.2025
Харитонова Дарья Вячеславовна,05.12.1990,72102115015230766299,"518667,71",RUB,TXN-000638,пополнение,"33027,51",05.12.2023
Калинин Мина Яковлевич,09.06.1994,71314804808739445677,"207221,85",RUB,TXN-000639,списание,"49630,63",11.11.2022
Михаил Валерьянович Ковалев,13.09.2005,10700399580694763355,"417691,05",RUB,TXN-000640,пополнение,"2773,47",20.11.2024
Калинин Мина Яковлевич,09.06.1994,16291612630487898634,"398254,71",RUB,TXN-000641,списание,"26422,05",30.04.2025
Светлана Валериевна Терентьева,03.12.1993,22067139670352498247,"483865,62",RUB,TXN-000642,пополнение,"27289,6",08.08.2025
Александров Вячеслав Давыдович,07.10.2000,25124009860727406455,"525024,6",RUB,TXN-000643,списание,"36146,44",13.04.2025
Ия Аркадьевна Одинцова,21.05.1977,58630144757125925516,"184132,63",RUB,TXN-000644,пополнение,"32174,55",15.06.2025
Элеонора Альбертовна Якушева,13.06.1942,13194609969557752414,"6765,33",RUB,TXN-000645,списание,"4133,17",29.03.2024
Никонова Василиса Максимовна,07.11.2005,80926382426486138198,"50213,47",RUB,TXN-000646,списание,"31557,84",23.06.2024
Милен Харитонович Ермаков,24.04.1937,63373542918980927544,"317525,84",EUR,TXN-000647,списание,"212,52",05.03.2025
Беляков Карл Августович,27.03.2007,06944086785451326845,"370650,67",RUB,TXN-000648,списание,"24052,92",10.08.2025
Константинова Синклитикия Геннадьевна,15.02.1936,15500929923189665257,"330084,31",RUB,TXN-000649,пополнение,"22148,27",23.07.2025
Мишина Ирина Николаевна,24.04.2004,24615525994187278221,"372940,64",RUB,TXN-000650,пополнение,"3413,63",10.08.2025
Филатов Ферапонт Трофимович,08.03.1990,67582935742538236635,"402074,77",RUB,TXN-000651,списание,"30380,65",10.02.2025
Аполлон Феодосьевич Красильников,04.01.1974,48585148760366575923,"296562,94",USD,TXN-000652,пополнение,"4745,09",30.05.2024
Михайлов Болеслав Федосеевич,08.11.1943,69286010886924368178,"454399,05",RUB,TXN-000653,пополнение,"30424,03",26.07.2025
Милен Харитонович Ермаков,24.04.1937,63373542918980927544,"321594,74",EUR,TXN-000654,пополнение,"4068,9",30.07.2025
Михайлов Болеслав Федосеевич,08.11.1943,69286010886924368178,"491332,77",RUB,TXN-000655,пополнение,"36933,72",30.07.2025
Глеб Георгиевич Жуков,14.08.1944,83114364593198963292,"294176,83",USD,TXN-000656,пополнение,"2885,04",31.05.2025
Ксения Дмитриевна Шубина,15.12.1940,06473644888554897665,"2928,32",RUB,TXN-000657,списание,"3106,89",08.02.2021
Ксения Ждановна Ларионова,04.08.1939,38951611025786354700,"292561,77",RUB,TXN-000658,списание,"39200,84",08.11.2024
Виктория Романовна Суворова,08.04.1963,62586253289101690568,"536806,56",RUB,TXN-000659,пополнение,"32746,37",02.08.2025
Лазарев Терентий Чеславович,05.07.1989,31378268392402773177,"335137,26",USD,TXN-000660,пополнение,"2550,32",17.07.2025
Людмила Болеславовна Беспалова,22.03.1972,81847152947904231821,"439291,41",RUB,TXN-000661,пополнение,"25677,55",06.01.2024
Аполлон Феодосьевич Красильников,04.01.1974,94001357202243386325,"499706,62",USD,TXN-000662,пополнение,"2359,22",08.07.2024
Синклитикия Кузьминична Бирюкова,05.02.1979,90553737743122339439,"144041,17",RUB,TXN-000663,списание,"27878,43",27.11.2024
Ольга Ильинична Гаврилова,12.11.1995,80143986560071986500,"351917,95",RUB,TXN-000664,пополнение,"8192,32",30.09.2024
Шашкова Анжелика Николаевна,20.01.1958,85345273799296837262,"268808,78",RUB,TXN-000665,пополнение,"8886,52",29.07.2025
Зиновьева Юлия Даниловна,29.12.2003,79848126655195321041,"594623,86",RUB,TXN-000666,пополнение,"43780,63",10.08.2025
Зиновьева Юлия Даниловна,29.12.2003,75482938576120860233,"380102,2",USD,TXN-000667,пополнение,"2707,65",18.04.2025
Савина Дарья Феликсовна,04.10.1981,01594841938006291821,"218517,98",RUB,TXN-000668,пополнение,"24713,05",09.08.2025
Овчинникова Алевтина Робертовна,06.05.1975,81651764468885952063,"198487,27",RUB,TXN-000669,пополнение,"34734,21",27.03.2025
Фаина Робертовна Елисеева,21.03.1985,39752945457649538306,"558829,72",RUB,TXN-000670,пополнение,"5064,86",25.04.2025
Лазарева София Сергеевна,04.08.2000,31302989452475318003,"494028,51",RUB,TXN-000671,пополнение,"13224,99",29.07.2025
Леонтий Вячеславович Морозов,21.09.1950,58127096608739418526,"72013,11",RUB,TXN-000672,пополнение,"12624,26",28.11.2024
Попова Варвара Наумовна,28.08.1950,39686008838265784029,"174355,68",USD,TXN-000673,пополнение,"2160,61",28.07.2025
Пелагея Наумовна Лебедева,02.09.1939,68479970420372918946,"296976,7",RUB,TXN-000674,списание,"42082,85",05.03.2022
Лукин Вениамин Антипович,09.08.2007,71504690165291932671,"548072,31",RUB,TXN-000675,пополнение,"16338,37",24.06.2025
Михаил Валерьянович Ковалев,13.09.2005,10700399580694763355,"416383,17",RUB,TXN-000676,списание,"1307,88",27.04.2025
Костин Митофан Эдуардович,25.10.1976,51513672817730018115,"264362,39",RUB,TXN-000677,пополнение,"32528,21",26.02.2025
Константинова Синклитикия Геннадьевна,15.02.1936,68493786643909960048,"12867,5",RUB,TXN-000678,списание,"26875,25",23.04.2024
Фаина Робертовна Елисеева,21.03.1985,27496337711220257954,"378260,69",RUB,TXN-000679,списание,"6516,12",19.07.2025
Субботин Флорентин Эдгардович,12.06.1990,59215494949426531803,"85050,66",RUB,TXN-000680,пополнение,"15139,45",07.08.2025
Анастасия Натановна Федотова,26.06.1988,21981178628248260336,"165121,19",RUB,TXN-000681,пополнение,"23505,1",18.04.2025
Костин Митофан Эдуардович,25.10.1976,51513672817730018115,"275281,42",RUB,TXN-000682,пополнение,"10919,03",22.06.2025
Зуева Виктория Кузьминична,14.04.1972,60029331023279016372,"337742,96",RUB,TXN-000683,пополнение,"16703,43",19.07.2025
Александров Вячеслав Давыдович,07.10.2000,98996069459646827161,"379663,16",USD,TXN-000684,пополнение,"2126,68",10.08.2025
Комаров Гремислав Адамович,18.04.1967,60449356805627484893,"395350,15",USD,TXN-000685,пополнение,"4127,42",03.08.2025
Волкова Марфа Богдановна,17.10.1963,12126097999128639417,"442601,16",RUB,TXN-000686,пополнение,"43211,35",16.09.2024
Буров Ян Владиславович,07.07.1951,60529691130286631352,"408521,99",RUB,TXN-000687,пополнение,"4386,93",03.08.2025
Исаев Стоян Васильевич,13.05.1936,45877700748187830041,"560599,72",RUB,TXN-000688,пополнение,"22248,41",04.08.2025
Красильников Гостомысл Фадеевич,20.03.1983,43528420951208717804,"78645,04",USD,TXN-000689,пополнение,"2084,72",07.08.2025
Аполлинарий Германович Некрасов,04.11.1993,12663445814239570976,"452805,05",RUB,TXN-000690,пополнение,"26404,7",03.07.2025
Фаина Робертовна Елисеева,21.03.1985,36060130850053356894,"126273,99",RUB,TXN-000691,пополнение,"33220,34",10.09.2024
Сила Ильясович Кондратьев,29.10.1958,95778719091129610582,"498331,13",RUB,TXN-000692,списание,"10884,69",07.08.2025
Сафонова Варвара Харитоновна,06.02.1983,42471587776751170553,"401349,8",RUB,TXN-000693,пополнение,"1250,05",28.07.2025
Беляков Карл Августович,27.03.2007,06944086785451326845,"413705,13",RUB,TXN-000694,пополнение,"43054,46",10.08.2025
Ия Аркадьевна Одинцова,21.05.1977,58630144757125925516,"190590,29",RUB,TXN-000695,пополнение,"6457,66",22.06.2025
Ферапонт Вячеславович Смирнов,07.11.1965,57802656752160230492,"103127,06",RUB,TXN-000696,пополнение,"32273,36",11.10.2022
Константинова Синклитикия Геннадьевна,15.02.1936,68493786643909960048,"8945,27",RUB,TXN-000697,списание,"3922,23",14.09.2024
Комарова Милица Ждановна,02.12.1985,78399839998618376670,"464170,07",RUB,TXN-000698,списание,"9835,93",29.08.2022
Стоян Аверьянович Белоусов,24.07.1952,94084535724116999534,"286136,75",RUB,TXN-000699,пополнение,"13466,89",30.07.2025
Ия Аркадьевна Одинцова,21.05.1977,12956806723959637403,"122724,81",RUB,TXN-000700,пополнение,"4790,15",13.11.2023
Алевтина Вячеславовна Орлова,01.07.1964,78893028346431139987,"339900,72",RUB,TXN-000701,пополнение,"20294,82",16.05.2025
Милен Харитонович Ермаков,24.04.1937,63373542918980927544,"326576,26",EUR,TXN-000702,пополнение,"4981,52",07.08.2025
Прохорова Александра Николаевна,25.10.1972,41322151774963019930,"330080,55",RUB,TXN-000703,пополнение,"45699,34",09.08.2025
София Вадимовна Муравьева,05.02.2006,65646008442428850669,"290554,96",USD,TXN-000704,списание,"2791,57",05.12.2021
Селезнев Соломон Ефремович,06.08.1962,32230189148870087986,"19100,06",RUB,TXN-000705,списание,"9541,38",05.08.2025
Терентий Федотович Авдеев,21.05.2001,91033053000797167796,"31545,61",RUB,TXN-000706,пополнение,"1100,3",04.08.2025
Ольга Ильинична Гаврилова,12.11.1995,49978494142694702284,"309516,02",USD,TXN-000707,пополнение,"2490,86",10.08.2025
Емельянова Елизавета Константиновна,04.07.1985,50768210241236287300,"485460,39",RUB,TXN-000708,пополнение,"27254,74",24.07.2025
Васильев Юрий Фомич,08.10.1942,73692599804370853844,"255732,85",RUB,TXN-000709,пополнение,"17214,03",03.08.2024
Ия Аркадьевна Одинцова,21.05.1977,06140210640542698881,"178334,49",RUB,TXN-000710,списание,"12556,27",10.07.2025
Милица Альбертовна Федорова,30.12.1952,84249374978361576676,"54976,86",RUB,TXN-000711,списание,"30003,95",08.03.2025
Мартьян Фёдорович Кудряшов,11.09.1969,77537790336674678223,"99505,74",RUB,TXN-000712,пополнение,"16908,7",30.03.2025
Светлана Михайловна Васильева,17.09.1942,33250518160647396543,"118924,27",RUB,TXN-000713,пополнение,"10715,08",08.10.2024
Аверкий Елизарович Самойлов,07.03.2007,21506696903684169065,"245648,01",RUB,TXN-000714,пополнение,"43367,29",01.06.2025
Филатов Ферапонт Трофимович,08.03.1990,67582935742538236635,"429264,39",RUB,TXN-000715,пополнение,"27189,62",29.07.2025
Гедеон Федосьевич Калинин,13.06.1987,42844330682120561753,"263042,06",RUB,TXN-000716,пополнение,"27885,24",30.12.2022
Стоян Аверьянович Белоусов,24.07.1952,94084535724116999534,"298892,17",RUB,TXN-000717,пополнение,"12755,42",30.07.2025
Ксения Дмитриевна Шубина,15.12.1940,25352384691482853675,"192075,73",RUB,TXN-000718,списание,"41862,7",01.08.2025
Милан Артёмович Емельянов,24.10.1935,52372950677290858600,"449661,8",USD,TXN-000719,пополнение,"573,16",10.04.2025
Ия Аркадьевна Одинцова,21.05.1977,06140210640542698881,"195286,68",RUB,TXN-000720,пополнение,"16952,19",15.07.2025
Синклитикия Кузьминична Бирюкова,05.02.1979,55262793036358046035,"417255,42",RUB,TXN-000721,пополнение,"39370,09",10.08.2025
Беляков Карл Августович,27.03.2007,06944086785451326845,"449790,98",RUB,TXN-000722,пополнение,"36085,85",10.08.2025
Фаина Робертовна Елисеева,21.03.1985,39752945457649538306,"595287,62",RUB,TXN-000723,пополнение,"36457,9",02.07.2025
Аполлон Феодосьевич Красильников,04.01.1974,48585148760366575923,"299305,54",USD,TXN-000724,пополнение,"2742,6",27.12.2024
Мишина Ирина Николаевна,24.04.2004,35272125170619511971,"217499,02",RUB,TXN-000725,пополнение,"13684,8",10.08.2025
Волкова Марфа Богдановна,17.10.1963,12126097999128639417,"453907,82",RUB,TXN-000726,пополнение,"11306,66",26.04.2025
Конон Эдуардович Егоров,06.04.1956,92770917077135877681,"96828,92",EUR,TXN-000727,пополнение,"2466,86",10.08.2025
Суханова Евпраксия Львовна,20.07.1945,69667099733356507965,"438504,42",RUB,TXN-000728,списание,"17613,68",27.03.2025
Игорь Игнатьевич Кононов,14.01.1992,14956367057431550852,"384600,23",RUB,TXN-000729,пополнение,"43757,37",08.08.2025
Комарова Милица Ждановна,02.12.1985,39437395145416376680,"357197,24",RUB,TXN-000730,пополнение,"49461,91",01.05.2025
Сорокина Алевтина Вениаминовна,08.09.1981,49619732971229051015,"300778,07",RUB,TXN-000731,пополнение,"38998,63",12.12.2024
Нифонт Давидович Абрамов,14.06.1936,63870045289536785574,"194037,15",RUB,TXN-000732,списание,"35226,44",10.08.2025
Зиновьева Юлия Даниловна,29.12.2003,79848126655195321041,"637417,75",RUB,TXN-000733,пополнение,"42793,89",10.08.2025
Петр Фадеевич Петров,17.02.2005,98136102375181436749,"311550,62",RUB,TXN-000734,пополнение,"33814,64",02.07.2025
Милан Артёмович Емельянов,24.10.1935,52372950677290858600,"452534,2",USD,TXN-000735,пополнение,"2872,4",23.05.2025
Ермаков Парамон Феоктистович,17.10.1977,12078358583783479562,"138999,55",RUB,TXN-000736,пополнение,"5758,02",01.08.2025
Михаил Валерьянович Ковалев,13.09.2005,10700399580694763355,"436073,3",RUB,TXN-000737,пополнение,"19690,13",02.08.2025
Пелагея Аркадьевна Стрелкова,06.03.1935,83010446882223757073,"45645,96",USD,TXN-000738,списание,"285,23",15.04.2025
Савина Дарья Феликсовна,04.10.1981,62213700440504845701,"285330,34",RUB,TXN-000739,списание,"4793,59",10.08.2025
Костина Феврония Кузьминична,09.08.1985,63681242797783447687,"260081,32",RUB,TXN-000740,пополнение,"7490,23",19.07.2025
Пелагея Аркадьевна Стрелкова,06.03.1935,92236380761708816926,"338549,35",RUB,TXN-000741,пополнение,"20663,62",08.08.2025
Красильников Гостомысл Фадеевич,20.03.1983,43528420951208717804,"82219,83",USD,TXN-000742,пополнение,"3574,79",07.08.2025
Калинин Мина Яковлевич,09.06.1994,16291612630487898634,"364632,92",RUB,TXN-000743,списание,"33621,79",03.06.2025
Елисеев Архип Юльевич,28.01.1995,05378399503607954981,"60591,84",RUB,TXN-000744,списание,"33832,03",29.03.2023
Захаров Никон Измаилович,02.05.1953,29854252953173861342,"349316,57",RUB,TXN-000745,пополнение,"33788,98",26.07.2025
Попова Варвара Наумовна,28.08.1950,57830093612040700115,"22190,28",USD,TXN-000746,пополнение,"4124,89",13.01.2025
Иванна Егоровна Федорова,06.08.1990,73737822192244195450,"237839,21",RUB,TXN-000747,пополнение,"9681,61",30.01.2025
Агата Антоновна Фомичева,11.02.1971,98687106674275202420,"356668,17",USD,TXN-000748,списание,"4474,86",10.12.2023
Флорентин Филатович Суворов,02.04.2005,72132021758792464740,"430728,36",RUB,TXN-000749,пополнение,"49871,4",29.01.2025
Ярослав Владленович Буров,10.10.1948,46930242685906249394,"280198,01",RUB,TXN-000750,пополнение,"8916,45",13.07.2025
Анастасия Натановна Федотова,26.06.1988,21981178628248260336,"149044,15",RUB,TXN-000751,списание,"16077,04",21.07.2025
Юлия Афанасьевна Киселева,05.04.1935,98520320237825945395,"232507,68",EUR,TXN-000752,пополнение,"3127,73",21.11.2024
Устинов Мартьян Артемьевич,11.08.1945,33550752817924595323,"248903,12",USD,TXN-000753,списание,"3016,53",16.05.2024
Ксения Дмитриевна Шубина,15.12.1940,06473644888554897665,"15267,76",RUB,TXN-000754,пополнение,"12339,44",08.07.2023
Зиновьева Валерия Юльевна,02.06.1937,04985001820465044524,"304297,25",EUR,TXN-000755,пополнение,"3724,65",09.08.2025
Ксения Матвеевна Симонова,11.12.1974,29277170572708849356,"438445,37",USD,TXN-000756,списание,"955,56",08.08.2025
Сила Ильясович Кондратьев,29.10.1958,95778719091129610582,"506277,19",RUB,TXN-000757,пополнение,"7946,06",09.08.2025
Аполлон Феодосьевич Красильников,04.01.1974,94001357202243386325,"503115,06",USD,TXN-000758,пополнение,"3408,44",05.02.2025
Доронин Мариан Феофанович,31.07.2005,49355113086622022332,"250343,33",RUB,TXN-000759,списание,"37558,38",05.08.2025
Эдуард Харлампович Дементьев,02.06.1989,47933262294457950778,"489608,88",EUR,TXN-000760,пополнение,"2641,33",09.08.2025
Ксения Ждановна Ларионова,04.08.1939,38951611025786354700,"259160,95",RUB,TXN-000761,списание,"33400,82",08.02.2025
Евгения Александровна Филатова,18.11.1952,38520382863294428343,"511176,5",RUB,TXN-000762,списание,"5315,94",05.08.2025
Николаева Фаина Дмитриевна,27.05.1988,50243294730672516755,"321276,3",RUB,TXN-000763,списание,"48720,04",24.06.2025
Виноградова Марфа Андреевна,30.09.1990,93898177672506080061,"294234,39",RUB,TXN-000764,пополнение,"13208,4",05.01.2025
Суханова Евпраксия Львовна,20.07.1945,89897989770943172369,"407533,17",USD,TXN-000765,пополнение,"2577,71",22.12.2024
Эдуард Харлампович Дементьев,02.06.1989,47933262294457950778,"493039,23",EUR,TXN-000766,пополнение,"3430,35",09.08.2025
Константинова Синклитикия Геннадьевна,15.02.1936,15500929923189665257,"333839,27",RUB,TXN-000767,пополнение,"3754,96",28.07.2025
Флорентин Филатович Суворов,02.04.2005,72132021758792464740,"393038,04",RUB,TXN-000768,списание,"37690,32",12.07.2025
Виктория Романовна Суворова,08.04.1963,62586253289101690568,"572898,79",RUB,TXN-000769,пополнение,"36092,23",04.08.2025
Виноградова Марфа Андреевна,30.09.1990,93898177672506080061,"296248,63",RUB,TXN-000770,пополнение,"2014,24",02.04.2025
Савельев Фока Елизарович,22.09.1958,21249589365197667007,"49211,58",RUB,TXN-000771,списание,"15020,73",24.02.2025
Зиновьева Валерия Юльевна,02.06.1937,99204802300717699155,"438007,26",RUB,TXN-000772,пополнение,"13943,59",26.07.2022
Тетерин Гедеон Димитриевич,09.07.1996,16380657400895940552,"98703,97",RUB,TXN-000773,списание,"41805,58",16.05.2025
Назаров Эмиль Димитриевич,01.04.1939,10726008725230400965,"358747,25",RUB,TXN-000774,пополнение,"38511,64",13.06.2025
Ксения Ждановна Ларионова,04.08.1939,91406038035570606272,"126399,31",RUB,TXN-000775,списание,"26437,82",22.04.2025
Зиновьева Юлия Даниловна,29.12.2003,79848126655195321041,"611233,49",RUB,TXN-000776,списание,"26184,26",10.08.2025
Наркис Устинович Тихонов,18.04.1947,62812103454020445790,"424308,93",RUB,TXN-000777,пополнение,"2766,39",22.07.2025
Беляков Карл Августович,27.03.2007,06944086785451326845,"478814,64",RUB,TXN-000778,пополнение,"29023,66",10.08.2025
Мартынов Никифор Ефимович,01.09.2005,15619190708569692187,"528075,61",RUB,TXN-000779,пополнение,"4773,51",02.08.2025
Светлана Валериевна Терентьева,03.12.1993,03682666151592151412,"525218,93",RUB,TXN-000780,списание,"3710,63",05.05.2023
г-н Мамонтов Бронислав Викторович,28.07.2003,18855750361877631254,"345461,38",RUB,TXN-000781,списание,"29161,54",23.11.2024
Элеонора Альбертовна Якушева,13.06.1942,94568546041364512615,"114396,1",USD,TXN-000782,пополнение,"3450,78",29.07.2025
Зуева Виктория Кузьминична,14.04.1972,60029331023279016372,"373335,12",RUB,TXN-000783,пополнение,"35592,16",10.08.2025
Агата Антоновна Фомичева,11.02.1971,98687106674275202420,"353441,02",USD,TXN-000784,списание,"3227,15",02.01.2025
Евсеев Арефий Адамович,21.11.1948,68996098323391090719,"351694,08",RUB,TXN-000785,пополнение,"39809,76",22.07.2025
Милан Артёмович Емельянов,24.10.1935,62518055440941623223,"169332,55",RUB,TXN-000786,пополнение,"24028,01",24.08.2024
Анастасия Натановна Федотова,26.06.1988,21981178628248260336,"147276,17",RUB,TXN-000787,списание,"1767,98",22.07.2025
Дарья Ивановна Дроздова,24.03.1963,78945063142576271983,"26552,3",RUB,TXN-000788,пополнение,"14045,53",04.01.2025
Ольга Ильинична Гаврилова,12.11.1995,49978494142694702284,"310247,47",USD,TXN-000789,пополнение,"731,45",10.08.2025
Анжелика Владиславовна Стрелкова,27.03.2006,07411580587527808553,"179990,12",RUB,TXN-000790,списание,"21352,07",12.01.2024
Филатов Ферапонт Трофимович,08.03.1990,76021444342048832017,"481196,25",RUB,TXN-000791,списание,"366,91",01.08.2025
Феофан Фокич Константинов,06.01.1979,39487202310676406682,"64863,73",EUR,TXN-000792,пополнение,"4642,4",22.07.2025
Устинов Мартьян Артемьевич,11.08.1945,33550752817924595323,"251031,74",USD,TXN-000793,пополнение,"2128,62",21.11.2024
Ярослав Владленович Буров,10.10.1948,46930242685906249394,"320542,16",RUB,TXN-000794,пополнение,"40344,15",06.08.2025
Суханова Евпраксия Львовна,20.07.1945,89897989770943172369,"407547,11",USD,TXN-000795,пополнение,"13,94",15.05.2025
Анастасия Натановна Федотова,26.06.1988,21981178628248260336,"193015,53",RUB,TXN-000796,пополнение,"45739,36",06.08.2025
Калинин Мина Яковлевич,09.06.1994,16291612630487898634,"335599,19",RUB,TXN-000797,списание,"29033,73",09.07.2025
Русаков Михаил Изотович,24.01.1979,49969426189905679819,"41752,37",RUB,TXN-000798,пополнение,"8280,19",11.05.2025
Петр Фадеевич Петров,17.02.2005,98136102375181436749,"334773,83",RUB,TXN-000799,пополнение,"23223,21",13.07.2025
Селиверст Борисович Родионов,27.12.2006,97672345039464067637,"221538,37",RUB,TXN-000800,пополнение,"785,29",08.08.2025
Милица Альбертовна Федорова,30.12.1952,92468136018969652921,"109542,03",RUB,TXN-000801,пополнение,"40786,2",27.05.2025
Костин Митофан Эдуардович,25.10.1976,85751048734452419009,"20391,71",RUB,TXN-000802,пополнение,"12435,58",09.07.2025
Милан Артёмович Емельянов,24.10.1935,74195973141159835657,"506287,17",RUB,TXN-000803,пополнение,"44097,69",24.07.2025
Анжелика Владиславовна Стрелкова,27.03.2006,07411580587527808553,"180815,37",RUB,TXN-000804,пополнение,"825,25",17.05.2025
Константинова Синклитикия Геннадьевна,15.02.1936,68493786643909960048,"28582,97",RUB,TXN-000805,пополнение,"19637,7",03.12.2024
Сафонова Варвара Харитоновна,06.02.1983,92832198326716442413,"472551,43",RUB,TXN-000806,списание,"49130,69",22.07.2025
Михаил Валерьянович Ковалев,13.09.2005,99524700644080498375,"228278,69",USD,TXN-000807,списание,"4203,6",06.08.2025
Евсеев Арефий Адамович,21.11.1948,69273345637500895976,"134361,12",RUB,TXN-000808,списание,"25244,05",17.05.2025
Зиновьева Валерия Юльевна,02.06.1937,04985001820465044524,"302797,5",EUR,TXN-000809,списание,"1499,75",10.08.2025
Агата Антоновна Фомичева,11.02.1971,98687106674275202420,"353579,47",USD,TXN-000810,пополнение,"138,45",26.05.2025
Прохорова Прасковья Руслановна,24.12.1998,03388896194371541907,"303494,41",RUB,TXN-000811,списание,"44875,19",21.07.2025
Мишина Ирина Николаевна,24.04.2004,35272125170619511971,"185838,66",RUB,TXN-000812,списание,"31660,36",10.08.2025
Шашкова Анжелика Николаевна,20.01.1958,85345273799296837262,"268059,57",RUB,TXN-000813,списание,"749,21",31.07.2025
Устинов Мартьян Артемьевич,11.08.1945,75620414781220757842,"103008,6",RUB,TXN-000814,пополнение,"20039,97",16.09.2022
Суханова Евпраксия Львовна,20.07.1945,89897989770943172369,"410944,83",USD,TXN-000815,пополнение,"3397,72",02.07.2025
Иванна Егоровна Федорова,06.08.1990,73737822192244195450,"270487,18",RUB,TXN-000816,пополнение,"32647,97",26.03.2025
Аполлон Феодосьевич Красильников,04.01.1974,94001357202243386325,"507395,62",USD,TXN-000817,пополнение,"4280,56",10.08.2025
Костин Митофан Эдуардович,25.10.1976,51513672817730018115,"315334,55",RUB,TXN-000818,пополнение,"40053,13",14.07.2025
Элеонора Альбертовна Якушева,13.06.1942,13194609969557752414,"12618,85",RUB,TXN-000819,пополнение,"5853,52",05.01.2025
Лазарев Терентий Чеславович,05.07.1989,31378268392402773177,"330862,96",USD,TXN-000820,списание,"4274,3",31.07.2025
Синклитикия Кузьминична Бирюкова,05.02.1979,69971807334747909852,"389435,19",RUB,TXN-000821,списание,"12037,24",11.07.2025
Юлия Афанасьевна Киселева,05.04.1935,98520320237825945395,"233033,62",EUR,TXN-000822,пополнение,"525,94",03.08.2025
Аполлон Феодосьевич Красильников,04.01.1974,50660851436704202567,"433594,95",RUB,TXN-000823,пополнение,"18189,24",06.09.2024
Калинин Мина Яковлевич,09.06.1994,16291612630487898634,382632,RUB,TXN-000824,пополнение,"47032,81",19.07.2025
Элеонора Альбертовна Якушева,13.06.1942,94568546041364512615,"116174,68",USD,TXN-000825,пополнение,"1778,58",30.07.2025
Аполлон Феодосьевич Красильников,04.01.1974,48585148760366575923,"302946,16",USD,TXN-000826,пополнение,"3640,62",03.06.2025
Алевтина Вячеславовна Орлова,01.07.1964,21037203801812628528,"240003,16",RUB,TXN-000827,списание,"46486,2",13.11.2024
Исаев Стоян Васильевич,13.05.1936,44167901934108031377,"327075,19",RUB,TXN-000828,пополнение,"28078,65",10.08.2025
Иларион Тимурович Гордеев,16.11.1959,27053068335256992621,"281335,32",RUB,TXN-000829,пополнение,"6363,66",31.07.2025
Петр Фадеевич Петров,17.02.2005,98136102375181436749,"378614,2",RUB,TXN-000830,пополнение,"43840,37",08.08.2025
Мартьян Фёдорович Кудряшов,11.09.1969,77537790336674678223,"109958,46",RUB,TXN-000831,пополнение,"10452,72",22.04.2025
Суханова Евпраксия Львовна,20.07.1945,89897989770943172369,"412866,35",USD,TXN-000832,пополнение,"1921,52",27.07.2025
Дарья Ивановна Дроздова,24.03.1963,78945063142576271983,"38457,04",RUB,TXN-000833,пополнение,"11904,74",05.07.2025
Мартынов Никифор Ефимович,01.09.2005,02565552571400423200,"553718,36",RUB,TXN-000834,пополнение,23288,27.02.2025
Ермаков Парамон Феоктистович,17.10.1977,95985837319843106517,"243337,3",RUB,TXN-000835,списание,"11500,73",26.06.2025
София Вадимовна Муравьева,05.02.2006,91550671785488028133,"485853,27",RUB,TXN-000836,пополнение,"45648,09",07.08.2025
Лазарева София Сергеевна,04.08.2000,96653853232141525980,"491860,69",RUB,TXN-000837,пополнение,"34929,72",06.07.2025
Евсеев Арефий Адамович,21.11.1948,71986601332671321535,"32104,62",RUB,TXN-000838,списание,"25663,79",09.08.2025
Капитон Филатович Гущин,09.11.1959,24045722983361752847,"130052,39",EUR,TXN-000839,пополнение,"2058,51",24.10.2024
Юлия Афанасьевна Киселева,05.04.1935,65010899861530041303,"221052,24",RUB,TXN-000840,пополнение,"9914,76",06.08.2025
Петр Фадеевич Петров,17.02.2005,98136102375181436749,"379173,32",RUB,TXN-000841,пополнение,"559,12",10.08.2025
Сила Ильясович Кондратьев,29.10.1958,04936596436657394307,"65203,32",RUB,TXN-000842,пополнение,"48659,92",25.10.2023
Конон Эдуардович Егоров,06.04.1956,27515642335903939083,"360945,73",RUB,TXN-000843,пополнение,"49223,65",22.09.2023
Субботин Флорентин Эдгардович,12.06.1990,53448015462291290446,"283607,58",EUR,TXN-000844,пополнение,"3884,67",05.07.2025
Субботин Флорентин Эдгардович,12.06.1990,53448015462291290446,"279146,13",EUR,TXN-000845,списание,"4461,45",27.07.2025
Леонтий Вячеславович Морозов,21.09.1950,77651645977260069869,232519,RUB,TXN-000846,списание,"870,83",05.08.2025
Эдуард Харлампович Емельянов,29.07.2006,41479880868707720722,"387949,69",EUR,TXN-000847,пополнение,"2085,79",02.09.2022
Надежда Владиславовна Самсонова,08.03.1992,78602808705459454432,"407779,37",RUB,TXN-000848,пополнение,"27526,15",27.07.2025
Баранова Анна Олеговна,26.03.1994,80236931652554390951,"316546,95",USD,TXN-000849,пополнение,"2475,85",09.05.2024
Дарья Ивановна Дроздова,24.03.1963,49464754810726975986,"491366,06",USD,TXN-000850,пополнение,"1589,85",31.08.2024
Ферапонт Вячеславович Смирнов,07.11.1965,57802656752160230492,"143229,03",RUB,TXN-000851,пополнение,"40101,97",26.02.2024
Милан Артёмович Емельянов,24.10.1935,52372950677290858600,"456779,55",USD,TXN-000852,пополнение,"4245,35",10.08.2025
Волкова Марфа Богдановна,17.10.1963,12126097999128639417,"425014,5",RUB,TXN-000853,списание,"28893,32",31.07.2025
Селезнев Соломон Ефремович,06.08.1962,32230189148870087986,"16507,63",RUB,TXN-000854,списание,"2592,43",06.08.2025
Ия Аркадьевна Одинцова,21.05.1977,12956806723959637403,"163298,06",RUB,TXN-000855,пополнение,"40573,25",18.01.2025
Баранова Анна Олеговна,26.03.1994,80236931652554390951,"320951,4",USD,TXN-000856,пополнение,"4404,45",02.03.2025
Устинов Мартьян Артемьевич,11.08.1945,33550752817924595323,248865,USD,TXN-000857,списание,"2166,74",11.06.2025
Субботин Флорентин Эдгардович,12.06.1990,53448015462291290446,"280377,68",EUR,TXN-000858,пополнение,"1231,55",06.08.2025
Надежда Владиславовна Самсонова,08.03.1992,78602808705459454432,"413556,09",RUB,TXN-000859,пополнение,"5776,72",30.07.2025
Игнатьева Ксения Болеславовна,25.08.1969,06345408189185855172,62829,RUB,TXN-000860,пополнение,"21868,6",25.05.2025
Аполлинарий Германович Некрасов,04.11.1993,12663445814239570976,"484514,91",RUB,TXN-000861,пополнение,"31709,86",02.08.2025
Зиновьева Юлия Даниловна,29.12.2003,97306037155849349479,"158923,77",RUB,TXN-000862,пополнение,"4842,51",29.09.2024
София Вадимовна Муравьева,05.02.2006,65646008442428850669,"288927,53",USD,TXN-000863,списание,"1627,43",24.01.2022
Евсеева Пелагея Ниловна,16.01.1983,17181867165363196714,"49371,6",RUB,TXN-000864,пополнение,"6182,27",23.05.2024
Денис Димитриевич Лазарев,01.02.1983,27237050073096440958,"354800,27",RUB,TXN-000865,пополнение,"49911,3",01.06.2025
Дарья Ивановна Дроздова,24.03.1963,49464754810726975986,493190,USD,TXN-000866,пополнение,"1823,94",05.11.2024
Исаев Стоян Васильевич,13.05.1936,45877700748187830041,"571155,5",RUB,TXN-000867,пополнение,"10555,78",07.08.2025
Леонтий Эдгарович Константинов,07.07.1958,93130175159868466260,"290401,19",USD,TXN-000868,списание,"4959,55",30.04.2025
Лазарев Терентий Чеславович,05.07.1989,69013341301099336988,"159527,95",RUB,TXN-000869,пополнение,"8652,78",27.12.2024
Зиновьева Юлия Даниловна,29.12.2003,79848126655195321041,"614184,41",RUB,TXN-000870,пополнение,"2950,92",10.08.2025
Беляков Карл Августович,27.03.2007,06944086785451326845,"433117,77",RUB,TXN-000871,списание,"45696,87",10.08.2025
Анастасия Натановна Федотова,26.06.1988,21981178628248260336,"185415,03",RUB,TXN-000872,списание,"7600,5",07.08.2025
Милица Альбертовна Федорова,30.12.1952,42527838626025362085,"15997,82",RUB,TXN-000873,списание,"7153,74",06.07.2023
Денис Димитриевич Лазарев,01.02.1983,80742668620727740969,"472179,31",RUB,TXN-000874,пополнение,"1645,43",07.08.2025
Лазарев Терентий Чеславович,05.07.1989,51783472429226669744,"382528,49",EUR,TXN-000875,пополнение,"4679,72",12.06.2025
Назаров Эмиль Димитриевич,01.04.1939,10726008725230400965,"326858,58",RUB,TXN-000876,списание,"31888,67",20.07.2025
Лазарев Терентий Чеславович,05.07.1989,51783472429226669744,"382717,59",EUR,TXN-000877,пополнение,"189,1",27.07.2025
Аверкий Елизарович Самойлов,07.03.2007,21506696903684169065,"291742,17",RUB,TXN-000878,пополнение,"46094,16",16.06.2025
Светлана Валериевна Терентьева,03.12.1993,22067139670352498247,"448377,5",RUB,TXN-000879,списание,"35488,12",09.08.2025
Денис Димитриевич Лазарев,01.02.1983,27237050073096440958,"392513,92",RUB,TXN-000880,пополнение,"37713,65",19.06.2025
Попова Варвара Наумовна,28.08.1950,57830093612040700115,"24609,5",USD,TXN-000881,пополнение,"2419,22",03.07.2025
Евсеев Арефий Адамович,21.11.1948,69273345637500895976,"111643,36",RUB,TXN-000882,списание,"22717,76",30.05.2025
Федор Григорьевич Терентьев,23.03.1941,22610886629168035696,"379805,36",RUB,TXN-000883,списание,"32773,31",17.01.2025
Елисеев Архип Юльевич,28.01.1995,05378399503607954981,"76402,41",RUB,TXN-000884,пополнение,"15810,57",26.12.2024
Леонтий Вячеславович Морозов,21.09.1950,77651645977260069869,"243074,01",RUB,TXN-000885,пополнение,"10555,01",07.08.2025
Нифонт Давидович Абрамов,14.06.1936,63870045289536785574,"229331,95",RUB,TXN-000886,пополнение,"35294,8",10.08.2025
Юдин Ратмир Ефстафьевич,04.07.1935,50151944555192570015,"63504,13",RUB,TXN-000887,списание,"34395,42",04.07.2025
Сорокина Алевтина Вениаминовна,08.09.1981,49619732971229051015,"295590,64",RUB,TXN-000888,списание,"5187,43",23.04.2025
Прохорова Александра Николаевна,25.10.1972,39214296507148718495,"145300,77",RUB,TXN-000889,пополнение,"37851,28",05.01.2025
Никонова Василиса Максимовна,07.11.2005,80926382426486138198,"52295,06",RUB,TXN-000890,пополнение,"2081,59",17.01.2025
Васильев Юрий Фомич,08.10.1942,77531184390625444002,"87646,43",RUB,TXN-000891,пополнение,"31870,98",16.07.2025
Аскольд Арсеньевич Воронов,01.06.1989,71765069680188553342,"64957,75",USD,TXN-000892,пополнение,"2013,69",05.08.2024
Клавдия Аркадьевна Бурова,27.11.1977,38502180887707926009,"421731,96",RUB,TXN-000893,пополнение,"30924,57",10.03.2025
Емельянова Елизавета Константиновна,04.07.1985,50768210241236287300,"475071,16",RUB,TXN-000894,списание,"10389,23",07.08.2025
Прохорова Александра Николаевна,25.10.1972,39214296507148718495,"105213,3",RUB,TXN-000895,списание,"40087,47",12.06.2025
Зиновьева Валерия Юльевна,02.06.1937,04985001820465044524,"306525,77",EUR,TXN-000896,пополнение,"3728,27",10.08.2025
Ксения Дмитриевна Шубина,15.12.1940,06991809580338445008,77835,RUB,TXN-000897,списание,"11458,86",07.07.2025
Анжелика Владиславовна Стрелкова,27.03.2006,10100803956156991196,"274372,27",RUB,TXN-000898,списание,"17738,53",01.09.2024
Игнатьева Ксения Болеславовна,25.08.1969,16048661727296135848,"449728,07",RUB,TXN-000899,пополнение,"5553,04",21.07.2025
Волкова Марфа Богдановна,17.10.1963,12126097999128639417,"438656,43",RUB,TXN-000900,пополнение,"13641,93",04.08.2025
Пелагея Аркадьевна Стрелкова,06.03.1935,92236380761708816926,"341281,91",RUB,TXN-000901,пополнение,"2732,56",08.08.2025
Мартьян Фёдорович Кудряшов,11.09.1969,68743646009211691315,"449342,55",RUB,TXN-000902,списание,"44404,18",20.07.2025
Иванна Егоровна Федорова,06.08.1990,73737822192244195450,"305892,57",RUB,TXN-000903,пополнение,"35405,39",26.05.2025
Иванна Егоровна Федорова,06.08.1990,19726261952286496806,"57183,48",RUB,TXN-000904,пополнение,"35578,3",28.12.2023
Милица Альбертовна Федорова,30.12.1952,92468136018969652921,"144865,56",RUB,TXN-000905,пополнение,"35323,53",27.07.2025
Пелагея Аркадьевна Стрелкова,06.03.1935,57328281115283030437,"468100,21",RUB,TXN-000906,пополнение,"38712,66",12.07.2025
Флорентин Филатович Суворов,02.04.2005,72132021758792464740,"417122,38",RUB,TXN-000907,пополнение,"24084,34",26.07.2025
Крылов Ратмир Фёдорович,22.01.1994,15635637806894195611,"235841,89",RUB,TXN-000908,пополнение,"12930,21",25.02.2024
Денис Димитриевич Лазарев,01.02.1983,17168076555810597290,"289609,18",RUB,TXN-000909,пополнение,"46908,89",04.08.2025
Пелагея Наумовна Лебедева,02.09.1939,83359995081483265724,"53541,97",RUB,TXN-000910,пополнение,"11980,45",09.08.2025
Борисов Андрон Чеславович,02.04.2001,33072611652895995039,"476945,29",RUB,TXN-000911,пополнение,"28576,16",30.05.2025
Сидоров Фока Архипович,14.05.1990,31135692295217402973,"490544,02",RUB,TXN-000912,пополнение,"36662,9",23.06.2025
Филатов Ферапонт Трофимович,08.03.1990,67582935742538236635,"443461,08",RUB,TXN-000913,пополнение,"14196,69",01.08.2025
Сафонова Варвара Харитоновна,06.02.1983,42471587776751170553,"430651,02",RUB,TXN-000914,пополнение,"29301,22",04.08.2025
Евсеев Арефий Адамович,21.11.1948,71986601332671321535,"19610,39",RUB,TXN-000915,списание,"12494,23",10.08.2025
Федор Григорьевич Терентьев,23.03.1941,40092927801913168659,"75065,59",RUB,TXN-000916,списание,"44658,93",02.08.2025
Назаров Эмиль Димитриевич,01.04.1939,14560637358437832741,"55871,96",RUB,TXN-000917,пополнение,"47535,26",28.07.2025
Анастасия Натановна Федотова,26.06.1988,21981178628248260336,"173852,88",RUB,TXN-000918,списание,"11562,15",09.08.2025
Алевтина Вячеславовна Орлова,01.07.1964,17611854958699831738,"250668,16",RUB,TXN-000919,списание,"22221,68",02.05.2025
Костин Митофан Эдуардович,25.10.1976,51513672817730018115,"322145,61",RUB,TXN-000920,пополнение,"6811,06",20.07.2025
Лукин Вениамин Антипович,09.08.2007,59030314989272537570,"534828,93",RUB,TXN-000921,пополнение,"9633,49",10.08.2025
Костин Митофан Эдуардович,25.10.1976,51513672817730018115,"334599,08",RUB,TXN-000922,пополнение,"12453,47",31.07.2025
Милица Альбертовна Федорова,30.12.1952,42527838626025362085,"2183,42",RUB,TXN-000923,списание,"13814,4",09.10.2024
Зиновьева Юлия Даниловна,29.12.2003,75482938576120860233,"381102,93",USD,TXN-000924,пополнение,"1000,73",15.05.2025
Шашкова Анжелика Николаевна,20.01.1958,85345273799296837262,"229516,02",RUB,TXN-000925,списание,"38543,55",06.08.2025
Мартынов Никифор Ефимович,01.09.2005,45284704203460218959,"555257,84",RUB,TXN-000926,пополнение,"39345,5",03.03.2025
Синклитикия Кузьминична Бирюкова,05.02.1979,55262793036358046035,"437726,47",RUB,TXN-000927,пополнение,"20471,05",10.08.2025
Милий Елисеевич Блохин,19.04.1935,40349946304699543139,"297597,34",RUB,TXN-000928,списание,"15706,76",04.07.2025
Ольга Ильинична Гаврилова,12.11.1995,49978494142694702284,"313395,71",USD,TXN-000929,пополнение,"3148,24",10.08.2025
Мишина Ирина Николаевна,24.04.2004,24615525994187278221,"371401,71",RUB,TXN-000930,списание,"1538,93",10.08.2025
Лазарева Клавдия Никифоровна,17.07.2002,37543708073842883371,"238447,93",RUB,TXN-000931,списание,43381,07.08.2025
Конон Эдуардович Егоров,06.04.1956,59893792274290284916,"578306,13",RUB,TXN-000932,пополнение,"48548,15",10.08.2025
Нифонт Давидович Абрамов,14.06.1936,51557678529204388493,"130448,62",RUB,TXN-000933,списание,"6763,8",24.03.2025
Костин Митофан Эдуардович,25.10.1976,56689401348024232307,"229852,42",RUB,TXN-000934,списание,"26995,15",18.02.2025
Емельянова Елизавета Константиновна,04.07.1985,50768210241236287300,"454238,04",RUB,TXN-000935,списание,"20833,12",07.08.2025
Милен Харитонович Ермаков,24.04.1937,63373542918980927544,"328452,21",EUR,TXN-000936,пополнение,"1875,95",09.08.2025
Ольга Ильинична Гаврилова,12.11.1995,80143986560071986500,"346107,49",RUB,TXN-000937,списание,"5810,46",06.05.2025
Сафонова Варвара Харитоновна,06.02.1983,92202342542557103692,"476572,14",USD,TXN-000938,пополнение,"1268,74",30.07.2025
Беляков Карл Августович,27.03.2007,12286798530761746347,"544841,56",RUB,TXN-000939,пополнение,"47156,73",10.08.2025
Элеонора Георгиевна Беляева,08.10.1991,00229790112501046790,139549,RUB,TXN-000940,пополнение,"35629,2",15.09.2024
Анжелика Владиславовна Стрелкова,27.03.2006,07411580587527808553,"220001,55",RUB,TXN-000941,пополнение,"39186,18",07.08.2025
Лазарева Светлана Викторовна,13.06.1946,25862218248712175587,"513717,87",RUB,TXN-000942,пополнение,"24621,22",05.06.2025
Светлана Валериевна Терентьева,03.12.1993,22067139670352498247,"443724,04",RUB,TXN-000943,списание,"4653,46",10.08.2025
Николаева Фаина Дмитриевна,27.05.1988,50243294730672516755,"355584,68",RUB,TXN-000944,пополнение,"34308,38",02.07.2025
Красильников Гостомысл Фадеевич,20.03.1983,43528420951208717804,"83222,3",USD,TXN-000945,пополнение,"1002,47",08.08.2025
Людмила Болеславовна Беспалова,22.03.1972,81847152947904231821,"453770,2",RUB,TXN-000946,пополнение,"14478,79",24.02.2025
Попова Варвара Наумовна,28.08.1950,57830093612040700115,"25288,76",USD,TXN-000947,пополнение,"679,26",09.08.2025
Селиверст Борисович Родионов,27.12.2006,97672345039464067637,"206732,1",RUB,TXN-000948,списание,"14806,27",08.08.2025
Элеонора Альбертовна Якушева,13.06.1942,94568546041364512615,"121153,73",USD,TXN-000949,пополнение,"4979,05",07.08.2025
Петухова Ульяна Вениаминовна,19.01.1958,46293989901421092000,"259165,62",RUB,TXN-000950,пополнение,"12125,71",20.07.2025
Костин Митофан Эдуардович,25.10.1976,56689401348024232307,"246434,77",RUB,TXN-000951,пополнение,"16582,35",30.05.2025
Рожкова Виктория Евгеньевна,17.04.1951,01421333326843114699,"130625,8",RUB,TXN-000952,списание,"19810,01",10.08.2025
Назаров Эмиль Димитриевич,01.04.1939,10726008725230400965,"338472,22",RUB,TXN-000953,пополнение,"11613,64",03.08.2025
Клавдия Аркадьевна Бурова,27.11.1977,38502180887707926009,"436282,14",RUB,TXN-000954,пополнение,"14550,18",29.06.2025
Савельев Фока Елизарович,22.09.1958,21249589365197667007,"83422,84",RUB,TXN-000955,пополнение,"34211,26",06.04.2025
Иванна Егоровна Федорова,06.08.1990,19726261952286496806,"51548,56",RUB,TXN-000956,списание,"5634,92",15.02.2024
Конон Эдуардович Егоров,06.04.1956,27515642335903939083,"373774,58",RUB,TXN-000957,пополнение,"12828,85",02.10.2023
Никонова Василиса Максимовна,07.11.2005,74692674377254175140,"181220,75",RUB,TXN-000958,пополнение,"15340,13",13.05.2025
Исаев Стоян Васильевич,13.05.1936,45877700748187830041,"522104,28",RUB,TXN-000959,списание,"49051,22",10.08.2025
Евсеева Пелагея Ниловна,16.01.1983,54510669911097707830,"328638,89",RUB,TXN-000960,пополнение,"27934,73",07.09.2024
Михайлов Болеслав Федосеевич,08.11.1943,82951144616457936591,"175742,12",RUB,TXN-000961,пополнение,"34463,39",07.08.2025
Олег Изотович Калашников,13.03.1942,80983865481182787303,"160720,18",RUB,TXN-000962,пополнение,"36696,75",01.04.2024
Калинин Мина Яковлевич,09.06.1994,96072124796667035810,"461313,05",RUB,TXN-000963,списание,"8239,42",08.08.2025
Иванна Егоровна Федорова,06.08.1990,19726261952286496806,"60044,76",RUB,TXN-000964,пополнение,"8496,2",02.12.2024
Иларион Тимурович Гордеев,16.11.1959,27053068335256992621,"287712,86",RUB,TXN-000965,пополнение,"6377,54",01.08.2025
Суханова Евпраксия Львовна,20.07.1945,89897989770943172369,"412898,83",USD,TXN-000966,пополнение,"32,48",27.07.2025
Елисеев Архип Юльевич,28.01.1995,05378399503607954981,"92682,53",RUB,TXN-000967,пополнение,"16280,12",17.02.2025
Ильин Симон Давыдович,17.03.1992,50684432847849818355,"348007,39",RUB,TXN-000968,пополнение,"27446,27",04.12.2024
Калинин Мина Яковлевич,09.06.1994,16291612630487898634,"377454,45",RUB,TXN-000969,списание,"5177,55",22.07.2025
Суханова Евпраксия Львовна,20.07.1945,89897989770943172369,"416452,59",USD,TXN-000970,пополнение,"3553,76",02.08.2025
Ольга Ильинична Гаврилова,12.11.1995,10944158191265775922,"490767,16",RUB,TXN-000971,пополнение,"36547,65",08.08.2025
Николаева Фаина Дмитриевна,27.05.1988,50243294730672516755,"373644,39",RUB,TXN-000972,пополнение,"18059,71",26.07.2025
Назаров Эмиль Димитриевич,01.04.1939,10726008725230400965,"384141,2",RUB,TXN-000973,пополнение,"45668,98",08.08.2025
Зыкова Алина Алексеевна,09.10.1952,26906400082498587708,"431785,09",RUB,TXN-000974,списание,40170,11.07.2025
Петр Фадеевич Петров,17.02.2005,99707859455831819817,"171648,62",RUB,TXN-000975,пополнение,"31174,79",10.08.2025
Зиновьева Юлия Даниловна,29.12.2003,79848126655195321041,"623299,48",RUB,TXN-000976,пополнение,"9115,07",10.08.2025
Субботин Флорентин Эдгардович,12.06.1990,53448015462291290446,"284347,43",EUR,TXN-000977,пополнение,"3969,75",09.08.2025
Александров Вячеслав Давыдович,07.10.2000,25124009860727406455,"548878,03",RUB,TXN-000978,пополнение,"23853,43",19.07.2025
Мишина Ирина Николаевна,24.04.2004,66203840477480321768,"361925,27",USD,TXN-000979,пополнение,"4086,22",01.08.2025
Ермил Иларионович Борисов,29.08.1945,29225060497343371028,"222978,52",EUR,TXN-000980,пополнение,"1831,82",23.07.2024
Юлия Афанасьевна Киселева,05.04.1935,06182772313812340696,"284122,01",RUB,TXN-000981,пополнение,"17189,51",29.11.2024
Конон Эдуардович Егоров,06.04.1956,92770917077135877681,"99777,71",EUR,TXN-000982,пополнение,"2948,79",10.08.2025
Константинова Синклитикия Геннадьевна,15.02.1936,68493786643909960048,"30362,09",RUB,TXN-000983,пополнение,"1779,12",04.02.2025
Фёкла Ефимовна Шарапова,28.12.1982,48579726695618990022,"113478,14",RUB,TXN-000984,пополнение,"1419,7",06.05.2025
Федор Григорьевич Терентьев,23.03.1941,40092927801913168659,"111239,83",RUB,TXN-000985,пополнение,"36174,24",09.08.2025
Субботин Флорентин Эдгардович,12.06.1990,59215494949426531803,"127430,77",RUB,TXN-000986,пополнение,"42380,11",10.08.2025
Конон Эдуардович Егоров,06.04.1956,59893792274290284916,"544659,42",RUB,TXN-000987,списание,"33646,71",10.08.2025
Костин Митофан Эдуардович,25.10.1976,85751048734452419009,"42295,76",RUB,TXN-000988,пополнение,"21904,05",11.07.2025
Зуева Виктория Кузьминична,14.04.1972,60029331023279016372,"382884,23",RUB,TXN-000989,пополнение,"9549,11",10.08.2025
Костин Митофан Эдуардович,25.10.1976,56689401348024232307,"204908,16",RUB,TXN-000990,списание,"41526,61",09.06.2025
Савина Дарья Феликсовна,04.10.1981,01594841938006291821,"228985,73",RUB,TXN-000991,пополнение,"10467,75",10.08.2025
Фаина Робертовна Елисеева,21.03.1985,39752945457649538306,"630750,59",RUB,TXN-000992,пополнение,"35462,97",18.07.2025
Ксения Ждановна Ларионова,04.08.1939,91406038035570606272,"155751,1",RUB,TXN-000993,пополнение,"29351,79",20.05.2025
Кондратьева Фаина Матвеевна,11.10.1999,48069638436328706877,"127903,52",RUB,TXN-000994,пополнение,"16953,63",14.09.2024
Костина Феврония Кузьминична,09.08.1985,93357745387990187270,"194884,41",USD,TXN-000995,пополнение,2389,22.02.2025
Парамон Фадеевич Прохоров,24.07.2001,86207568409642800025,"111767,01",RUB,TXN-000996,пополнение,"43026,64",08.08.2025
Лазарева Клавдия Никифоровна,17.07.2002,30877956582229283686,"293340,76",RUB,TXN-000997,списание,"19132,63",20.01.2025
Ия Аркадьевна Одинцова,21.05.1977,58630144757125925516,"147687,79",RUB,TXN-000998,списание,"42902,5",27.07.2025
Овчинников Филипп Чеславович,15.07.1998,79911451469976784493,"437286,95",RUB,TXN-000999,пополнение,"22117,36",01.02.2025
Анастасия Натановна Федотова,26.06.1988,53228584174138331516,"168342,34",RUB,TXN-001000,пополнение,"33658,87",05.07.2025
